co_code,company_name,symbol,listing_date,listing_year,time,event,issue_price,listing_close,listing_gain_pct,firm_age,diff_issue_list_dates,traded_qty_l1,total_subs_times,qib_subs_times,nii_subs_times,eps,pe_ratio,debt_to_asset_ratio,day1_subs,day2_subs,day3_subs,subs_acceleration,closing_day_surge,has_daily_bidding_data,retail_subs_times,applications_count,applications_count_filled,log_retail_subs,log_applications,retail_to_nii_ratio,qib_participated,current_price_today,current_gain_pct_today,is_surviving_today
101023,INNOVATIVE TYRES & TUBES LTD.,ITTL,2017-05-10,2017,33,1,45.0,47.15,4.78,22,9,3957000,2.5,1.0,1.0,2.56,18.44,1.0,2.71,9.55,63.05,3.161453310781228,5.742980991012487,0,14.36,,103013.5,2.731766727719526,11.542625034002691,14.217821782178218,0,,,0
107690,JASH ENGINEERING LTD.,JASH,2017-11-10,2017,218,1,95.0,144.0,51.58,44,757,232800,3.5,1.0,1.5,5.34,26.97,1.0,2.71,9.55,63.05,3.161453310781228,5.742980991012487,0,2.12,,103013.5,1.1378330018213911,11.542625034002691,1.403973509933775,0,521.15,2078.75,1
108060,JAY BEE LAMINATIONS LTD.,JAYBEE,2024-03-09,2024,82,0,146.0,291.25,99.49,36,5,1829000,3.5,1.0,1.5,8.27,35.21,1.0,2.71,9.55,63.05,3.161453310781228,5.742980991012487,0,87.88,181565.0,181565.0,4.487287145331375,12.109374502951,58.198675496688736,0,82.3,-43.63,0
11696,ALPEX SOLAR LTD.,ALPEXSOLAR,15-02-2024,2024,217,0,115.0,345.45,200.39,31,3,2864400,3.5,1.0,1.5,3.95,87.52,1.0,2.71,9.55,63.05,3.161453310781228,5.742980991012487,0,351.89,631993.0,631993.0,5.86615639364046,13.356635179413043,233.03973509933772,0,916.65,697.09,1
122315,KONSTELEC ENGINEERS LTD.,KONSTELEC,30-01-2024,2024,229,0,70.0,220.5,215.0,29,6,2144000,3.5,1.0,1.5,4.28,51.46,1.0,2.71,9.55,63.05,3.161453310781228,5.742980991012487,0,437.67,298488.0,298488.0,6.083747421972477,12.60648836021451,289.84768211920533,0,59.05,-15.64,0
12918,AMBEY LABORATORIES LTD.,AMBEY,2024-11-07,2024,16,1,68.0,89.25,31.25,39,3,2230000,3.5,1.0,1.5,3.21,27.76,1.0,2.71,9.55,63.05,3.161453310781228,5.742980991012487,0,195.06,213007.0,213007.0,5.27842073483358,12.269085002671698,129.17880794701986,0,30.2,-55.59,0
135690,M M P INDUSTRIES LTD.,MMP,2018-12-04,2018,305,1,105.0,199.5,90.0,45,645,1002000,2.5,1.0,1.0,9.33,21.38,1.0,0.06,0.08,0.15,1.3333333333333337,8.75,1,0.94,,103013.5,0.6626879730752367,11.542625034002691,0.9306930693069306,0,466.85,148.32,1
138273,MANGALAM ALLOYS LTD.,MAL,27-11-2019,2019,115,1,41.0,51.5,25.61,9,9,140000,2.5,1.0,1.0,1.51,34.03,1.0,0.93,2.34,5.57,2.516129032258064,1.3803418803418803,1,8.73,17782.0,17782.0,2.2752138961979136,9.78599822374366,8.643564356435643,0,42.25,-47.19,0
142849,MEDICAMEN ORGANICS LTD.,MEDIORG,28-06-2024,2024,114,0,34.0,144.7,325.59,29,3,1824000,2.5,1.0,1.0,1.34,107.83,1.0,2.71,9.55,63.05,3.161453310781228,5.742980991012487,0,1309.77,336611.0,336611.0,7.178370029776058,12.72668621072726,1296.8019801980197,0,21.65,-36.32,0
171911,PARTY CRUISERS LTD.,PARTYCRUS,2021-05-03,2021,2,1,51.0,51.3,0.59,27,8,14000,2.5,1.0,1.0,0.86,59.85,1.0,2.71,9.55,63.05,3.161453310781228,5.742980991012487,0,2.26,,103013.5,1.181727195378616,11.542625034002691,2.2376237623762374,0,97.3,90.78,1
172931,PAVNA INDUSTRIES LTD.,PAVNAIND,2021-09-03,2021,626,0,165.0,165.5,0.3,27,8,113600,2.5,1.0,1.0,3.33,49.65,1.0,2.71,9.55,63.05,3.161453310781228,5.742980991012487,0,1.07,,103013.5,0.7275486072772778,11.542625034002691,1.0594059405940597,0,15.67,-3.94,0
174144,PERFECT INFRAENGINEERS LTD.,PERFECT,20-11-2015,2015,11,1,23.0,25.1,9.13,19,16,264000,2.5,1.0,1.0,0.64,39.49,1.0,2.71,9.55,63.05,3.161453310781228,5.742980991012487,0,1.26,,103013.5,0.8153648132841945,11.542625034002691,1.2475247524752475,0,,0.0,0
177726,POWER & INSTRUMENTATION (GUJARAT) LTD.,,23-04-2018,2018,11,1,27.92,34.9,25.0,12,7,780000,3.5,1.0,1.5,2.81,12.42,1.0,2.71,9.55,63.05,3.161453310781228,5.742980991012487,0,1.83,,103013.5,1.0402767116551463,11.542625034002691,1.2119205298013245,0,8.21,228.4,1
184849,QUALITY FOILS (INDIA) LTD.,QFIL,24-03-2023,2023,325,0,60.0,97.7,62.83,33,8,548000,3.5,1.0,1.5,5.26,18.59,1.0,2.71,9.55,63.05,3.161453310781228,5.742980991012487,0,259.65,46477.0,46477.0,5.563178511214115,10.746734361340112,171.95364238410593,0,60.0,0.0,0
196099,REFRACTORY SHAPES LTD.,REFRACTORY,14-05-2024,2024,156,0,31.0,78.75,154.03,28,5,2744000,3.5,1.0,1.5,1.84,42.71,0.45,2.71,9.55,63.05,3.161453310781228,5.742980991012487,0,259.56,129522.0,129522.0,5.562833160967978,11.771613750529225,171.89403973509934,0,31.65,2.1,1
200740,RUDRABHISHEK ENTERPRISES LTD.,REPL,13-07-2018,2018,1,1,96.0,41.7,-56.56,12,893,378000,2.5,1.0,1.0,2.99,13.96,1.0,2.71,9.55,63.05,3.161453310781228,5.742980991012487,0,0.52,,103013.5,0.418710334858185,11.542625034002691,0.5148514851485149,0,58.12,41.76,1
206721,SADHAV SHIPPING LTD.,SADHAV,2024-01-03,2024,206,0,95.0,141.75,49.21,28,3,2600400,3.5,1.0,1.5,7.73,18.35,1.0,2.71,9.55,63.05,3.161453310781228,5.742980991012487,0,65.52,104173.0,104173.0,4.197502654324727,11.55381785701252,43.39072847682119,0,107.3,12.95,1
213854,SATI POLY PLAST LTD.,SATIPOLY,22-07-2024,2024,105,0,130.0,259.35,99.5,25,6,561000,3.5,1.0,1.5,9.3,27.89,1.0,2.71,9.55,63.05,3.161453310781228,5.742980991012487,0,670.62,297083.0,297083.0,6.509692704390714,12.601770206079284,444.1192052980133,0,34.5,-73.46,0
217914,SHAIVAL REALITY LTD.,SHAIVAL,2015-01-10,2015,2,1,100.0,100.5,0.5,19,13,1200,2.5,1.0,1.0,5.0,20.1,1.0,2.71,9.55,63.05,3.161453310781228,5.742980991012487,0,0.35,,103013.5,0.3001045924503381,11.542625034002691,0.3465346534653465,0,33.0,-67.0,0
222067,SHRADHA INFRAPROJECTS LTD.,SHRADHA,2017-11-12,2017,192,1,34.3,70.25,104.81,20,1057,934000,2.5,1.0,1.0,4.82,14.57,1.0,2.71,9.55,63.05,3.161453310781228,5.742980991012487,0,3.34,,103013.5,1.4678743481123135,11.542625034002691,3.3069306930693068,0,,,0
224917,SHRI RAM SWITCHGEARS LTD.,SRIRAM,2017-07-06,2017,37,1,19.0,22.8,20.0,32,8,66000,2.5,1.0,1.0,2.09,10.92,1.0,2.71,9.55,63.05,3.161453310781228,5.742980991012487,0,88.27,,103013.5,4.491665485191271,11.542625034002691,87.39603960396039,0,,0.0,0
227139,SIKKO INDUSTRIES LTD.,SIKKO,18-04-2017,2017,1,1,36.0,35.2,-2.22,12,1659,924000,2.5,1.0,1.0,0.7,50.55,1.0,2.71,9.55,63.05,3.161453310781228,5.742980991012487,0,18.24,,103013.5,2.9569914452375605,11.542625034002691,18.059405940594058,0,5.92,85.0,1
227320,POLYSIL IRRIGATION SYSTEMS LTD.,POLYSIL,16-02-2024,2024,2,1,54.0,54.25,0.46,39,3,886000,3.5,1.0,1.5,0.41,133.75,1.0,2.71,9.55,63.05,3.161453310781228,5.742980991012487,0,11.62,8898.0,8898.0,2.5352828571130672,9.093694189856862,7.695364238410596,0,66.15,22.5,1
227451,SILVER TOUCH TECHNOLOGIES LTD.,SILVERTUC,01-12-2017,2017,1,1,213.0,122.0,-42.72,12,1631,2087000,2.5,1.0,1.0,4.2,29.05,1.0,2.71,9.55,63.05,3.161453310781228,5.742980991012487,0,0.0,,103013.5,0.0,11.542625034002691,0.0,0,146.28,505.17,1
236478,STEEL CITY SECURITIES LTD.,STEELCITY,17-02-2017,2017,1,1,56.2,50.1,-10.85,12,868,1906000,3.5,1.0,1.5,2.56,19.56,1.0,2.71,9.55,63.05,3.161453310781228,5.742980991012487,0,6.51,,103013.5,2.0162354657760435,11.542625034002691,4.311258278145695,0,85.39,55.25,1
241938,SUPREME (INDIA) IMPEX LTD.,SIIL,31-03-2015,2015,448,1,60.0,61.3,2.17,20,13,228000,2.5,1.0,1.0,13.85,4.43,1.0,2.71,9.55,63.05,3.161453310781228,5.742980991012487,0,1.15,,103013.5,0.7654678421395714,11.542625034002691,1.1386138613861383,0,,0.0,0
24201,ATMASTCO LTD.,ATMASTCO,23-02-2024,2024,211,0,77.0,95.55,24.09,30,3,4224000,3.5,1.0,1.5,5.2,18.39,1.0,2.71,9.55,63.05,3.161453310781228,5.742980991012487,0,18.24,39543.0,39543.0,2.9569914452375605,10.585169254986797,12.079470198675496,0,128.35,66.69,1
243188,VISHNUSURYA PROJECTS & INFRA LTD.,VISHNUINFR,2023-10-10,2023,303,0,68.0,76.65,12.72,27,5,3144000,2.5,1.0,1.0,13.53,5.67,1.0,2.71,9.55,63.05,3.161453310781228,5.742980991012487,0,43.63,76130.0,76130.0,3.7984062786411785,11.240210819640234,43.1980198019802,0,150.55,121.4,1
244632,GLOBE TEXTILES (INDIA) LTD.,GLOBE,23-06-2017,2017,46,1,46.0,50.15,9.02,22,1210,1006000,3.5,1.0,1.5,3.25,15.45,1.0,2.71,9.55,63.05,3.161453310781228,5.742980991012487,0,3.74,,103013.5,1.556037135706985,11.542625034002691,2.4768211920529803,0,2.07,-79.71,0
250287,THEJO ENGINEERING LTD.,THEJO,13-06-2013,2013,1,1,402.0,370.0,-7.96,12,12,900,0.54,1.0,0.23,56.27,6.58,1.0,0.54,0.58,1.53,1.074074074074074,1.637931034482759,1,2.61,,103013.5,1.2837077723447896,11.542625034002691,10.874999999999998,0,2199.7,447.19,1
252338,TOTAL TRANSPORT SYSTEMS LTD.,TOTAL,2017-07-08,2017,435,1,22.55,54.0,139.47,22,1127,42000,3.5,1.0,1.5,3.91,13.82,1.0,2.71,9.55,63.05,3.161453310781228,5.742980991012487,0,120.66,,103013.5,4.801230268892559,11.542625034002691,79.90728476821192,0,69.33,54.07,1
253071,TRANSTEEL SEATING TECHNOLOGIES LTD.,TRANSTEEL,2023-06-11,2023,88,1,70.0,93.3,33.29,28,5,2862000,1.72,0.0,1.76,4.32,21.59,1.0,1.72,4.65,49.21,2.703488372093024,9.58279569892473,1,39.82,44793.0,44793.0,3.709172157381699,10.709829480862416,22.497175141242938,0,80.2,14.57,1
253661,TRIDENT TECHLABS LTD.,TECHLABS,29-12-2023,2023,249,0,35.0,103.05,194.43,23,3,2524000,38.53,1.05,17.05,5.0,20.61,1.0,38.53,121.07,763.3,3.142226836231508,5.30461716362435,1,1059.43,409999.0,409999.0,6.966429765225546,12.92391243868049,62.1002344665885,1,122.65,250.43,1
257950,UNITED HEAT TRANSFER LTD.,UHTL,29-10-2024,2024,43,0,59.0,63.95,8.39,29,5,2228000,2.67,1.74,4.25,3.26,19.6,1.0,2.67,9.27,83.7,3.4719101123595504,8.029126213592233,1,98.93,83698.0,83698.0,4.604469940873698,11.334982308974894,23.223004694835684,1,188.25,219.07,1
261442,VAIDYA SANE AYURVED LABORATORIES LTD.,MADHAVBAUG,23-02-2022,2022,646,0,73.0,105.4,44.38,23,8,772800,2.5,1.0,1.0,2.04,51.78,1.0,2.71,9.55,63.05,3.161453310781228,5.742980991012487,0,2.98,,103013.5,1.3812818192963463,11.542625034002691,2.9504950495049505,0,155.9,113.56,1
275216,ZENITH DRUGS LTD.,ZENITHDRUG,27-02-2024,2024,12,1,79.0,105.15,33.1,24,5,2163200,1.92,0.0,0.99,5.79,18.16,1.0,1.92,6.25,12.43,3.255208333333333,27.6688,1,139.28,130926.0,130926.0,4.943640425271977,11.782395194952342,139.28,0,43.25,-45.25,0
275663,ZOTA HEALTH CARE LTD.,ZOTA,10-05-2017,2017,1,1,198.25,125.6,-36.65,12,839,3011000,2.5,1.0,1.0,3.16,39.77,1.0,2.71,9.55,63.05,3.161453310781228,5.742980991012487,0,25.98,,103013.5,3.2950958507796098,11.542625034002691,25.722772277227723,0,1144.5,815.6,1
276529,WOL 3D INDIA LTD.,WOL3D,30-09-2024,2024,6,1,150.0,189.05,26.03,36,5,725000,17.11,2.07,11.95,8.51,22.22,0.45,17.11,60.65,373.86,3.544710695499708,5.164220939818632,1,368.47,208553.0,208553.0,5.912069546293729,12.2479532794939,30.80852842809365,1,133.0,-11.33,0
282938,JIWANRAM SHEODUTTRAI INDS. LTD.,JIWANRAM,18-09-2023,2023,6,1,23.0,28.5,23.91,26,6,2316000,2.5,1.0,1.0,1.63,17.46,1.0,2.71,9.55,63.05,3.161453310781228,5.742980991012487,0,151.47,89063.0,89063.0,5.026967855383815,11.397110491408544,149.97029702970298,0,4.05,-82.39,0
284470,NITIRAJ ENGINEERS LTD.,NITIRAJ,2017-09-03,2017,240,1,45.45,94.5,107.92,18,1513,126000,2.5,1.0,1.0,6.54,14.46,1.0,2.71,9.55,63.05,3.161453310781228,5.742980991012487,0,1.18,,103013.5,0.7793248768009976,11.542625034002691,1.1683168316831682,0,232.01,132.01,1
28684,BAHETI RECYCLING INDS. LTD.,BAHETI,2022-08-12,2022,500,0,45.0,114.0,153.33,28,8,1578000,3.5,1.0,1.5,5.0,22.8,1.0,2.71,9.55,63.05,3.161453310781228,5.742980991012487,0,435.65,,103013.5,6.079131958859742,11.542625034002691,288.5099337748344,0,776.1,1624.67,1
287202,HOLMARC OPTO-MECHATRONICS LTD.,HOLMARC,25-09-2023,2023,301,0,40.0,68.5,71.25,30,5,1377000,2.5,1.0,1.0,2.9,23.66,1.0,2.71,9.55,63.05,3.161453310781228,5.742980991012487,0,75.78,34178.0,34178.0,4.340944189572651,10.439366699366223,75.02970297029702,0,110.0,175.0,1
287322,SOLVE PLASTIC PRODUCTS LTD.,BALCO,21-08-2024,2024,7,1,91.0,107.1,17.69,30,5,433200,2.5,1.0,1.0,3.25,32.95,0.45,2.71,9.55,63.05,3.161453310781228,5.742980991012487,0,46.76,24080.0,24080.0,3.866188469084346,10.089178426799686,46.29702970297029,0,20.9,-77.03,0
290834,MARVEL DECOR LTD.,MDL,23-03-2018,2018,2,1,57.0,57.85,1.49,22,8,682000,2.5,1.0,1.0,1.21,47.85,1.0,2.71,9.55,63.05,3.161453310781228,5.742980991012487,0,0.82,,103013.5,0.598836501088704,11.542625034002691,0.8118811881188118,0,60.0,5.26,1
326825,DIGIKORE STUDIOS LTD.,DIGIKORE,2023-04-10,2023,307,0,171.0,283.5,65.79,23,7,1036800,22.5,7.09,15.88,12.52,22.64,1.0,22.5,76.89,281.58,3.4173333333333336,2.6621147093250097,1,370.17,259857.0,259857.0,5.9166601786805,12.467890606955176,23.295783511642544,1,37.35,-78.16,0
326884,BAWEJA STUDIOS LTD.,BAWEJA,06-02-2024,2024,1,1,180.0,173.85,-3.42,12,5,960800,3.5,1.0,1.5,4.04,43.0,1.0,2.71,9.55,63.05,3.161453310781228,5.742980991012487,0,4.2,11993.0,11993.0,1.6486586255873816,9.392161803728454,2.781456953642384,0,22.1,-87.72,0
333343,MICROPRO SOFTWARE SOLUTIONS LTD.,MICROPRO,10-11-2023,2023,1,1,81.0,76.0,-6.17,12,3,430400,3.5,1.0,1.5,0.64,119.42,1.0,2.71,9.55,63.05,3.161453310781228,5.742980991012487,0,49.08,55218.0,55218.0,3.913621726791843,10.91906237593951,32.503311258278146,0,18.35,-77.35,0
335115,DIVINE POWER ENERGY LTD.,DPEL,2024-02-07,2024,124,0,40.0,152.3,280.75,23,5,3144000,3.5,1.0,1.5,2.95,51.57,1.0,2.71,9.55,63.05,3.161453310781228,5.742980991012487,0,567.59,357584.0,357584.0,6.343159612006319,12.787128375093,375.8874172185431,0,648.5,1521.25,1
341132,RACHANA INFRASTRUCTURE LTD.,RILINFRA,2022-10-06,2022,131,1,135.0,138.55,2.63,21,8,525000,3.5,1.0,1.5,0.66,211.3,1.0,2.71,9.55,63.05,3.161453310781228,5.742980991012487,0,0.6,,103013.5,0.4700036292457356,11.542625034002691,0.3973509933774834,0,32.45,-75.96,0
346175,MASTER COMPONENTS LTD.,MASTER,29-09-2023,2023,97,1,140.0,140.2,0.14,24,8,460000,2.5,1.0,1.0,4.28,32.8,1.0,2.71,9.55,63.05,3.161453310781228,5.742980991012487,0,10.11,5285.0,5285.0,2.4078456036515385,8.572817095164234,10.009900990099007,0,400.0,185.71,1
347333,CHAMAN METALLICS LTD.,CMNL,16-01-2023,2023,483,0,38.0,64.6,70.0,20,10,3108000,3.5,1.0,1.5,4.69,13.76,1.0,2.71,9.55,63.05,3.161453310781228,5.742980991012487,0,159.85,,103013.5,5.080472253685035,11.542625034002691,105.86092715231788,0,111.25,192.76,1
353466,SHIV AUM STEELS LTD.,SHIVAUM,2019-01-10,2019,23,1,44.0,44.15,0.34,17,7,279000,3.5,1.0,1.5,3.49,12.67,1.0,2.71,9.55,63.05,3.161453310781228,5.742980991012487,0,0.43,,103013.5,0.3576744442718159,11.542625034002691,0.2847682119205298,0,468.3,964.32,1
354228,ROX HI-TECH LTD.,ROXHITECH,16-11-2023,2023,279,0,83.0,141.75,70.78,21,7,2076800,3.5,1.0,1.5,7.97,17.79,1.0,2.71,9.55,63.05,3.161453310781228,5.742980991012487,0,204.02,279711.0,279711.0,5.323107535355256,12.541515781380214,135.11258278145695,0,44.0,-46.99,0
354289,SAJ HOTELS LTD.,SAJHOTELS,07-10-2024,2024,1,1,65.0,52.45,-19.31,12,6,768000,2.5,1.0,1.0,0.78,67.66,1.0,2.71,9.55,63.05,3.161453310781228,5.742980991012487,0,8.65,8724.0,8724.0,2.2669579153508947,9.073947747070628,8.564356435643564,0,35.15,-45.92,0
354598,UNILEX COLOURS & CHEMICALS LTD.,UNILEX,2024-03-10,2024,2,1,87.0,88.15,1.32,23,6,1428800,3.5,1.0,1.5,5.34,16.51,1.0,2.71,9.55,63.05,3.161453310781228,5.742980991012487,0,35.11,26191.0,26191.0,3.5865698352893665,10.173209299610916,23.251655629139076,0,27.0,-68.97,0
355529,PENTAGON RUBBER LTD.,PENTAGON,2023-07-07,2023,353,0,70.0,123.5,76.43,19,7,808000,4.2,4.74,0.84,4.02,30.72,1.0,4.2,13.64,25.69,3.247619047619048,6.785923753665689,1,130.7,50318.0,50318.0,4.880526608749236,10.826138018362863,153.76470588235293,1,91.35,30.5,1
358326,WEALTH FIRST PORTFOLIO MANAGERS LTD.,WEALTH,30-03-2016,2016,1,1,92.1,51.5,-44.08,12,1769,81000,3.5,1.0,1.5,2.33,22.1,1.0,2.71,9.55,63.05,3.161453310781228,5.742980991012487,0,1.61,,103013.5,0.959350221334602,11.542625034002691,1.066225165562914,0,841.55,1572.6,1
358931,AMIABLE LOGISTICS (INDIA) LTD.,AMIABLE,16-11-2022,2022,61,1,81.0,136.4,68.4,20,9,315200,3.5,1.0,1.5,5.32,25.64,1.0,2.71,9.55,63.05,3.161453310781228,5.742980991012487,0,281.98,,103013.5,5.645376223767807,11.542625034002691,186.74172185430464,0,70.2,-13.33,0
359380,S K S TEXTILES LTD.,SKSTEXTILE,19-01-2018,2018,1,1,150.0,133.35,-11.1,12,8,1084000,2.5,1.0,1.0,5.92,22.52,1.0,2.71,9.55,63.05,3.161453310781228,5.742980991012487,0,22.7,,103013.5,3.1654750481410856,11.542625034002691,22.47524752475248,0,,0.0,0
359771,TRUST FINTECH LTD.,TRUST,2024-04-04,2024,184,0,101.0,150.4,48.91,26,7,2658000,3.34,0.0,2.74,5.25,28.67,1.0,3.34,12.36,108.63,3.7005988023952097,7.788834951456311,1,75.1,130666.0,130666.0,4.33204826486764,11.780407381121645,27.30909090909091,0,26.05,-74.21,0
360848,FOCE INDIA LTD.,FOCE,28-12-2021,2021,4,1,225.0,225.7,0.31,20,11,45600,3.5,1.0,1.5,7.91,28.54,1.0,2.71,9.55,63.05,3.161453310781228,5.742980991012487,0,1.84,,103013.5,1.043804052173115,11.542625034002691,1.218543046357616,0,515.0,128.89,1
362490,SWARAJ SUITING LTD.,SWARAJ,28-03-2022,2022,1,1,56.0,53.2,-5.0,12,11,386000,2.5,1.0,1.0,5.19,10.24,1.0,2.71,9.55,63.05,3.161453310781228,5.742980991012487,0,10.46,,103013.5,2.438862711286593,11.542625034002691,10.356435643564357,0,273.05,387.59,1
364072,EMERALD TYRE MANUFACTURERS LTD.,ETML,2024-12-12,2024,13,0,95.0,189.5,99.47,22,3,1768800,3.5,1.0,1.5,6.03,31.44,1.0,2.71,9.55,63.05,3.161453310781228,5.742980991012487,0,558.11,856448.0,856448.0,6.326346233760684,13.660550050314963,369.6092715231788,0,81.6,-14.11,0
37296,BOHRA INDUSTRIES LTD.,BOHRAIND,2017-05-04,2017,409,1,6.0,57.85,864.17,21,2040,2560000,2.5,1.0,1.0,2.59,22.32,1.0,2.71,9.55,63.05,3.161453310781228,5.742980991012487,0,4.2,,103013.5,1.6486586255873816,11.542625034002691,4.158415841584159,0,,0.0,0
374988,KATARIA INDUSTRIES LTD.,KATARIA,24-07-2024,2024,110,0,96.0,191.5,99.48,20,5,1191600,3.5,1.0,1.5,4.83,39.61,1.0,2.71,9.55,63.05,3.161453310781228,5.742980991012487,0,274.7,432370.0,432370.0,5.619313318029751,12.977039294967998,181.9205298013245,0,148.85,55.05,1
375287,K N AGRI RESOURCES LTD.,KNAGRI,28-03-2022,2022,683,0,75.0,146.0,94.67,35,11,1924800,3.5,1.0,1.5,11.74,12.43,1.0,2.71,9.55,63.05,3.161453310781228,5.742980991012487,0,87.52,,103013.5,4.483228515182849,11.542625034002691,57.960264900662246,0,196.06,161.41,1
386074,C M M INFRAPROJECTS LTD.,CMMIPL,2015-09-01,2015,154,1,40.0,455.0,1037.5,11,8,2218,2.5,1.0,1.0,19.14,23.77,1.0,2.71,9.55,63.05,3.161453310781228,5.742980991012487,0,1.74,,103013.5,1.007957920399979,11.542625034002691,1.7227722772277227,0,,0.0,0
388583,SINTERCOM INDIA LTD.,SINTERCOM,15-02-2018,2018,1,1,80.0,78.0,-2.5,12,973,72000,3.5,1.0,1.5,1.24,62.72,1.0,2.71,9.55,63.05,3.161453310781228,5.742980991012487,0,16.35,,103013.5,2.8535925063928684,11.542625034002691,10.827814569536423,0,77.1,18.62,1
389110,MARINE ELECTRICALS (INDIA) LTD.,MARINE,11-10-2018,2018,1,1,191.05,66.6,-65.14,12,791,1272000,2.5,1.0,1.0,5.34,12.46,1.0,2.71,9.55,63.05,3.161453310781228,5.742980991012487,0,0.43,,103013.5,0.3576744442718159,11.542625034002691,0.4257425742574257,0,379.2,2772.73,1
389731,PETRO CARBON & CHEMICALS LTD.,PCCL,2024-02-07,2024,125,0,171.0,315.0,84.21,17,5,3288800,3.5,1.0,1.5,33.3,9.46,1.0,2.71,9.55,63.05,3.161453310781228,5.742980991012487,0,74.34,201314.0,201314.0,4.322011202263895,12.212626124500016,49.2317880794702,0,445.0,160.23,1
392386,DEEM ROLL-TECH LTD.,DEEM,27-02-2024,2024,12,1,129.0,209.7,62.56,21,5,1670000,3.5,1.0,1.5,8.78,23.88,1.0,2.71,9.55,63.05,3.161453310781228,5.742980991012487,0,180.5,194403.0,194403.0,5.201255653704905,12.177693746928478,119.5364238410596,0,40.95,-68.26,0
395463,SHERA ENERGY LTD.,SHERA,17-02-2023,2023,27,1,57.0,67.3,18.07,14,8,2090000,0.53,0.0,1.68,1.84,36.52,1.0,0.53,1.17,1.46,2.2075471698113205,0.2478632478632479,1,51.3,,103013.5,3.956996371070877,11.542625034002691,30.355029585798817,0,186.0,226.32,1
398730,SHREE RAM PROTEINS LTD.,SRPL,05-02-2018,2018,1,1,35.3,32.55,-7.79,12,972,3424000,2.5,1.0,1.0,0.3,107.25,1.0,2.71,9.55,63.05,3.161453310781228,5.742980991012487,0,6.68,,103013.5,2.038619547159581,11.542625034002691,6.6138613861386135,0,,0.0,0
399241,PULZ ELECTRONICS LTD.,PULZ,24-11-2017,2017,9,1,54.0,64.05,18.61,12,8,810000,2.5,1.0,1.0,4.84,13.23,1.0,2.71,9.55,63.05,3.161453310781228,5.742980991012487,0,20.65,,103013.5,3.075005454448499,11.542625034002691,20.445544554455445,0,22.1,-59.07,0
400946,JAKHARIA FABRIC LTD.,JAKHARIA,2018-11-07,2018,27,1,180.0,181.5,0.83,11,8,73600,2.5,1.0,1.0,4.26,42.63,1.0,2.71,9.55,63.05,3.161453310781228,5.742980991012487,0,0.6,,103013.5,0.4700036292457356,11.542625034002691,0.594059405940594,0,59.5,-66.94,0
4030,AARVI ENCON LTD.,AARVI,2017-05-10,2017,349,1,22.0,54.5,147.73,30,1002,674000,3.5,1.0,1.5,3.25,16.79,1.0,2.71,9.55,63.05,3.161453310781228,5.742980991012487,0,0.61,,103013.5,0.4762341789963716,11.542625034002691,0.4039735099337748,0,139.95,159.17,1
404893,Q V C EXPORTS LTD.,QVCEL,28-08-2024,2024,12,1,86.0,152.95,77.85,19,5,654400,2.5,1.0,1.0,3.76,40.67,1.0,2.71,9.55,63.05,3.161453310781228,5.742980991012487,0,418.64,347890.0,347890.0,6.039397200863284,12.759644491302682,414.4950495049505,0,22.8,-73.49,0
404930,ULTRA WIRING CONNECTIVITY SYSTEM LTD.,UWCSL,26-10-2018,2018,1,1,35.0,33.2,-5.14,12,9,200000,3.5,1.0,1.5,2.21,15.02,1.0,2.71,9.55,63.05,3.161453310781228,5.742980991012487,0,1.76,,103013.5,1.0152306797290584,11.542625034002691,1.1655629139072847,0,122.45,249.86,1
404979,S P P POLYMER LTD.,SPPPOLY,17-09-2024,2024,2,1,59.0,59.85,1.44,20,5,556000,3.5,1.0,1.5,0.68,88.57,1.0,2.71,9.55,63.05,3.161453310781228,5.742980991012487,0,59.87,58975.0,58975.0,4.108740442505833,10.98488586046955,39.64900662251655,0,12.8,-78.31,0
405695,SOUTH WEST PINNACLE EXPLORATION LTD.,SOUTHWEST,19-02-2018,2018,65,1,78.0,88.3,13.21,12,11,2128000,0.12,0.3,0.37,4.51,19.58,1.0,0.12,1.86,2.82,15.500000000000002,0.5161290322580644,1,11.7,,103013.5,2.5416019934645457,11.542625034002691,30.789473684210524,0,196.11,151.6,1
406067,MAHESHWARI LOGISTICS LTD.,MAHESHWARI,16-01-2017,2017,1223,1,68.0,76.35,12.28,11,10,2176000,2.5,1.0,1.0,5.75,13.28,1.0,2.71,9.55,63.05,3.161453310781228,5.742980991012487,0,4.67,,103013.5,1.7351891177396608,11.542625034002691,4.623762376237623,0,68.7,1.03,1
406068,CROWN LIFTERS LTD.,CROWN,27-09-2016,2016,193,1,30.0,109.0,263.33,14,1968,58000,3.5,1.0,1.5,5.38,20.26,1.0,2.71,9.55,63.05,3.161453310781228,5.742980991012487,0,2.59,,103013.5,1.2781522025001877,11.542625034002691,1.71523178807947,0,108.48,-10.35,0
406609,ABHA POWER & STEEL LTD.,ABHAPOWER,2024-04-12,2024,2,1,75.0,77.8,3.73,20,5,2203200,3.5,1.0,1.5,5.0,15.56,0.45,2.71,9.55,63.05,3.161453310781228,5.742980991012487,0,24.93,41831.0,41831.0,3.255400599550573,10.641416875867966,16.509933774834437,0,24.65,-67.13,0
409893,NEELAM LINENS & GARMENTS (INDIA) LTD.,NEELAM,18-11-2024,2024,30,0,24.0,38.05,58.54,14,6,2052000,2.5,1.0,1.0,1.39,27.28,1.0,2.71,9.55,63.05,3.161453310781228,5.742980991012487,0,57.82,18698.0,18698.0,4.074481933125849,9.83622532547696,57.24752475247525,0,7.0,-70.83,0
410436,ARTEDZ FABS LTD.,ARTEDZ,29-03-2019,2019,15,1,36.0,41.65,15.69,13,9,1536000,2.5,1.0,1.0,4.61,9.03,1.0,2.71,9.55,63.05,3.161453310781228,5.742980991012487,0,1.78,,103013.5,1.0224509277025458,11.542625034002691,1.7623762376237624,0,,0.0,0
410824,SYLVAN PLYBOARD (INDIA) LTD.,SYLVANPLY,2024-01-07,2024,117,0,55.0,69.3,26.0,22,5,3104000,3.5,1.0,1.5,3.16,21.9,1.0,2.71,9.55,63.05,3.161453310781228,5.742980991012487,0,84.11,101854.0,101854.0,4.4439445374888695,11.531305512251658,55.70198675496689,0,52.0,-5.45,0
411029,FIVE CORE ELECTRONICS LTD.,FIVECORE,21-05-2018,2018,3,1,140.0,145.5,3.93,16,10,577000,3.5,1.0,1.5,3.73,38.99,1.0,2.71,9.55,63.05,3.161453310781228,5.742980991012487,0,0.66,,103013.5,0.5068176023684519,11.542625034002691,0.4370860927152318,0,,0.0,0
412328,PRAMARA PROMOTIONS LTD.,PRAMARA,13-09-2023,2023,296,0,63.0,116.55,85.0,17,8,1660000,2.5,1.0,1.0,2.27,51.37,1.0,0.43,1.97,25.71,4.5813953488372094,12.050761421319798,1,17.14,9857.0,9857.0,2.8981194446869907,9.196038587265322,16.97029702970297,0,84.3,33.81,1
413537,DIENSTEN TECH LTD.,DTL,2024-03-07,2024,117,0,100.0,252.0,152.0,17,5,924000,3.5,1.0,1.5,5.0,50.4,1.0,2.71,9.55,63.05,3.161453310781228,5.742980991012487,0,35.87,21952.0,21952.0,3.607398212246053,9.996659083423925,23.75496688741722,0,143.0,43.0,1
414385,UTSSAV C Z GOLD JEWELS LTD.,UTSSAV,2024-07-08,2024,100,0,110.0,115.55,5.05,17,5,2100000,1.83,0.0,1.16,5.4,21.42,1.0,1.83,8.43,47.58,4.60655737704918,4.644128113879003,1,46.71,81742.0,81742.0,3.865141019528016,11.311335458181992,39.92307692307693,0,653.25,493.86,1
414501,VILAS TRANSCORE LTD.,VILAS,2024-03-06,2024,145,0,147.0,225.75,53.57,18,5,3230000,3.5,1.0,1.5,9.39,24.05,1.0,2.71,9.55,63.05,3.161453310781228,5.742980991012487,0,151.42,326166.0,326166.0,5.026639868237972,12.695164799122043,100.27814569536424,0,372.4,153.33,1
415517,BRAND CONCEPTS LTD.,BCONCEPTS,2018-10-01,2018,68,1,46.0,54.0,17.39,11,1470,54000,2.5,1.0,1.0,5.0,10.8,1.0,2.71,9.55,63.05,3.161453310781228,5.742980991012487,0,11.37,,103013.5,2.5152741864043966,11.542625034002691,11.257425742574256,0,153.1,245.22,1
415901,JALAN TRANSOLUTIONS (INDIA) LTD.,JALAN,31-05-2017,2017,1,1,46.0,41.95,-8.8,12,8,339000,2.5,1.0,1.0,2.57,16.35,1.0,2.71,9.55,63.05,3.161453310781228,5.742980991012487,0,2.81,,103013.5,1.3376291891386096,11.542625034002691,2.782178217821782,0,1.7,-96.3,0
416033,VADIVARHE SPECIALITY CHEMICALS LTD.,VSCL,2017-02-06,2017,296,1,42.0,50.4,20.0,8,8,87000,3.5,1.0,1.5,4.19,12.04,1.0,2.71,9.55,63.05,3.161453310781228,5.742980991012487,0,36.67,,103013.5,3.62886402170395,11.542625034002691,24.28476821192053,0,19.8,-52.86,0
417660,D R S DILIP ROADLINES LTD.,DRSDILIP,2018-10-12,2018,67,1,75.0,75.15,0.2,12,10,33600,2.5,1.0,1.0,1.94,38.77,1.0,2.71,9.55,63.05,3.161453310781228,5.742980991012487,0,0.26,,103013.5,0.2311117209633866,11.542625034002691,0.2574257425742574,0,107.0,42.67,1
41893,CANARYS AUTOMATIONS LTD.,CANARYS,2023-11-10,2023,106,1,31.0,41.3,33.23,32,8,4504000,0.3,0.0,0.38,1.92,21.52,1.0,0.3,0.45,1.05,1.5,21.08888888888889,1,11.7,14771.0,14771.0,2.5416019934645457,9.600488775972456,30.0,0,24.9,-19.68,0
425837,DHANLAXMI CROP SCIENCE LTD.,DHANLAXMI,16-12-2024,2024,11,0,55.0,109.7,99.45,19,5,1640000,2.5,1.0,1.0,5.0,21.94,0.45,2.71,9.55,63.05,3.161453310781228,5.742980991012487,0,441.18,363308.0,363308.0,6.091717038997073,12.803008990817396,436.8118811881188,0,24.0,-56.36,0
426496,VETO SWITCHGEARS & CABLES LTD.,VETO,13-12-2012,2012,1329,1,50.0,50.45,0.9,5,8,954000,0.39,0.37,0.52,4.32,11.67,1.0,0.39,0.7,1.56,1.7948717948717947,1.2285714285714289,1,2.16,,103013.5,1.1505720275988207,11.542625034002691,4.075471698113208,0,139.15,177.2,1
426498,LE MERITE EXPORTS LTD.,LEMERITE,2022-09-05,2022,7,1,75.0,78.75,5.0,19,11,1888000,3.5,1.0,1.5,8.96,8.78,1.0,2.71,9.55,63.05,3.161453310781228,5.742980991012487,0,16.1,,103013.5,2.8390784635086144,11.542625034002691,10.66225165562914,0,18.35,22.33,1
427813,JET KNITWEARS LTD.,JETKNIT,2016-07-10,2016,301,1,39.0,46.8,20.0,20,8,357000,2.5,1.0,1.0,1.54,30.33,1.0,2.71,9.55,63.05,3.161453310781228,5.742980991012487,0,3.01,,103013.5,1.3887912413184778,11.542625034002691,2.98019801980198,0,48.45,24.23,1
434647,CREATIVE NEWTECH LTD.,CGRAPHICS,2024-09-04,2024,1,1,85.0,176.25,107.35,10,5,3454400,0.96,0.0,0.47,4.34,40.65,1.0,0.96,3.5,9.09,3.6458333333333335,56.67428571428572,1,144.63,192354.0,192354.0,4.981069158494489,12.167097902123851,301.3125,0,135.4,59.29,1
438312,EURO INDIA FRESH FOODS LTD.,EIFFL,31-03-2017,2017,1,1,130.0,89.85,-30.88,12,1663,180800,2.5,1.0,1.0,0.83,107.64,1.0,2.71,9.55,63.05,3.161453310781228,5.742980991012487,0,0.1,,103013.5,0.0953101798043248,11.542625034002691,0.099009900990099,0,262.1,236.03,1
441758,GAJANAND INTERNATIONAL LTD.,GAJANAND,16-09-2024,2024,3,1,36.0,39.9,10.83,15,5,1008000,3.5,1.0,1.5,1.19,33.4,1.0,2.71,9.55,63.05,3.161453310781228,5.742980991012487,0,24.18,21955.0,21955.0,3.2260500286162013,9.99679572966978,16.013245033112582,0,7.8,-78.33,0
442092,VINYAS INNOVATIVE TECHNOLOGIES LTD.,VINYAS,2023-06-10,2023,301,0,165.0,346.5,110.0,22,3,1581600,0.23,0.0,0.5,5.51,62.83,1.0,0.23,0.37,3.19,1.6086956521739129,115.86486486486488,1,21.27,29293.0,29293.0,3.1032404812692764,10.285137995878252,41.70588235294117,0,1432.35,768.09,1
443711,OPAL LUXURY TIME PRODUCTS LTD.,OPAL,12-04-2013,2013,1,1,130.0,128.0,-1.54,12,15,10000,2.5,1.0,1.0,9.5,13.48,1.0,2.71,9.55,63.05,3.161453310781228,5.742980991012487,0,0.35,,103013.5,0.3001045924503381,11.542625034002691,0.3465346534653465,0,,0.0,0
453815,AHLADA ENGINEERS LTD.,AHLADA,27-09-2018,2018,113,1,69.5,145.05,108.71,13,863,616000,0.21,0.0,0.21,6.25,23.2,1.0,0.21,0.27,0.29,1.2857142857142858,7.703703703703703,1,3.19,,103013.5,1.4327007339340465,11.542625034002691,14.5,0,37.33,-75.11,0
456726,SERVOTECH POWER SYSTEMS LTD.,SERVOTECH,24-08-2017,2017,181,1,26.0,31.85,22.5,13,1480,1052000,2.5,1.0,1.0,2.86,11.13,1.0,2.71,9.55,63.05,3.161453310781228,5.742980991012487,0,1.18,,103013.5,0.7793248768009976,11.542625034002691,1.1683168316831682,0,72.8,2248.39,1
458042,ADITYA ULTRA STEEL LTD.,AUSL,16-09-2024,2024,3,1,62.0,66.4,7.1,13,5,892000,2.1,0.87,1.49,3.1,21.44,1.0,2.1,4.5,10.58,2.142857142857143,1.3511111111111112,1,23.26,28637.0,28637.0,3.1888289035159043,10.262489786233951,15.506666666666668,0,22.2,-64.19,0
458386,S J LOGISTICS (INDIA) LTD.,SJLOGISTIC,19-12-2023,2023,257,0,125.0,183.75,47.0,20,5,1912000,3.5,1.0,1.5,12.43,14.78,1.0,2.71,9.55,63.05,3.161453310781228,5.742980991012487,0,356.33,455036.0,455036.0,5.87865972456092,13.028134013308222,235.98013245033115,0,314.0,151.2,1
459417,RAJSHREE POLYPACK LTD.,RPPL,24-09-2018,2018,1,1,121.0,116.6,-3.64,12,12,229000,0.26,0.0,1.48,8.43,13.83,1.0,0.26,1.01,5.36,3.8846153846153846,4.306930693069307,1,2.92,,103013.5,1.366091653802371,11.542625034002691,1.959731543624161,0,20.24,-66.27,0
463750,A V G LOGISTICS LTD.,AVG,11-04-2018,2018,1,1,168.0,118.55,-29.43,12,1865,530400,2.5,1.0,1.0,7.26,16.32,1.0,2.71,9.55,63.05,3.161453310781228,5.742980991012487,0,1.54,,103013.5,0.9321640810304452,11.542625034002691,1.5247524752475248,0,170.11,58.13,1
468764,MEGATHERM INDUCTION LTD.,MEGATHERM,2024-05-02,2024,225,0,108.0,207.9,92.5,14,5,1855200,3.5,1.0,1.5,7.36,28.24,1.0,2.71,9.55,63.05,3.161453310781228,5.742980991012487,0,200.51,277304.0,277304.0,5.305839007946883,12.532873262454656,132.78807947019868,0,253.75,134.95,1
470269,SURANI STEEL TUBES LTD.,SURANI,2019-06-02,2019,13,1,52.0,53.25,2.4,7,8,928740,2.5,1.0,1.0,2.09,25.5,1.0,2.71,9.55,63.05,3.161453310781228,5.742980991012487,0,2.5,,103013.5,1.252762968495368,11.542625034002691,2.4752475247524752,0,96.0,84.62,1
471511,A G UNIVERSAL LTD.,AGUL,24-04-2023,2023,2,1,60.0,60.1,0.17,15,11,468000,3.5,1.0,1.5,2.13,28.17,1.0,2.71,9.55,63.05,3.161453310781228,5.742980991012487,0,2.68,924.0,924.0,1.3029127521808397,6.829793737512425,1.774834437086093,0,45.75,-23.75,0
473387,S M V D POLY PACK LTD.,SMVD,26-12-2017,2017,1,1,55.0,53.6,-2.55,12,11,2180000,3.5,1.0,1.5,3.38,15.84,1.0,2.71,9.55,63.05,3.161453310781228,5.742980991012487,0,25.71,,103013.5,3.2850380271218693,11.542625034002691,17.026490066225165,0,15.35,-72.09,0
474571,SARVESHWAR FOODS LTD.,SARVESHWAR,15-03-2018,2018,3,1,70.0,70.55,0.79,14,1737,1467200,2.5,1.0,1.0,4.95,14.27,1.0,2.71,9.55,63.05,3.161453310781228,5.742980991012487,0,1.83,,103013.5,1.0402767116551463,11.542625034002691,1.811881188118812,0,3.74,-55.88,0
476826,K K V AGRO POWERS LTD.,KKVAPOW,15-07-2016,2016,5,1,320.0,342.0,6.88,4,8,1600,2.5,1.0,1.0,14.33,23.86,1.0,2.71,9.55,63.05,3.161453310781228,5.742980991012487,0,1.68,,103013.5,0.9858167945227652,11.542625034002691,1.6633663366336633,0,364.0,13.75,1
478001,PARAMATRIX TECHNOLOGIES LTD.,PARAMATRIX,2024-04-09,2024,5,1,110.0,120.8,9.82,20,5,854400,3.5,1.0,1.5,2.89,41.75,1.0,2.71,9.55,63.05,3.161453310781228,5.742980991012487,0,11.86,14432.0,14432.0,2.554121718809473,9.577272530367564,7.854304635761589,0,57.0,-48.18,0
479616,SUPREME POWER EQUIPMENT LTD.,SUPREMEPWR,29-12-2023,2023,250,0,65.0,102.9,58.31,18,3,2930000,7.88,1.01,3.5,4.75,21.65,1.0,7.88,22.78,262.6,2.890862944162437,10.527655838454786,1,264.48,289344.0,289344.0,5.581539508277724,12.575375026742089,75.35042735042737,1,,,0
479759,SHIGAN QUANTUM TECHNOLOGIES LTD.,SHIGAN,2022-11-03,2022,627,0,50.0,64.05,28.1,14,8,1896000,2.5,1.0,1.0,4.24,15.1,1.0,2.71,9.55,63.05,3.161453310781228,5.742980991012487,0,8.21,,103013.5,2.2202898502672155,11.542625034002691,8.12871287128713,0,62.0,24.0,1
479783,SHREE TIRUPATI BALAJEE FIBC LTD.,TIRUPATI,2017-05-10,2017,237,1,40.0,43.05,7.62,8,9,1032000,3.5,1.0,1.5,3.81,11.3,1.0,2.71,9.55,63.05,3.161453310781228,5.742980991012487,0,2.05,,103013.5,1.1151415906193205,11.542625034002691,1.357615894039735,0,308.0,670.0,1
484197,UNITED POLYFAB GUJARAT LTD.,UNITEDPOLY,2016-07-06,2016,43,1,17.0,44.0,158.82,6,2041,27000,3.5,1.0,1.5,1.69,26.09,1.0,2.71,9.55,63.05,3.161453310781228,5.742980991012487,0,0.21,,103013.5,0.1906203596086497,11.542625034002691,0.1390728476821192,0,45.85,1.89,1
484396,ATAL REALTECH LTD.,ATALREAL,15-10-2020,2020,1,1,72.0,66.7,-7.36,12,8,4800,2.5,1.0,1.0,4.44,15.03,1.0,2.71,9.55,63.05,3.161453310781228,5.742980991012487,0,0.4,,103013.5,0.3364722366212129,11.542625034002691,0.396039603960396,0,14.36,-0.62,0
484597,FROG CELLSAT LTD.,FROG,13-10-2022,2022,550,0,102.0,185.8,82.16,10,9,1977600,3.5,1.0,1.5,11.32,16.42,1.0,2.71,9.55,63.05,3.161453310781228,5.742980991012487,0,22.1,,103013.5,3.139832617527748,11.542625034002691,14.635761589403977,0,281.7,176.18,1
490867,LLOYDS LUXURIES LTD.,LLOYDS,2022-11-10,2022,514,0,40.0,42.9,7.25,9,11,1221000,2.5,1.0,1.0,5.0,8.58,1.0,2.71,9.55,63.05,3.161453310781228,5.742980991012487,0,1.81,,103013.5,1.0331844833456545,11.542625034002691,1.792079207920792,0,57.9,44.75,1
491410,QUICKTOUCH TECHNOLOGIES LTD.,QUICKTOUCH,2023-02-05,2023,412,0,61.0,96.6,58.36,10,11,848000,2.5,1.0,1.0,11.06,8.74,1.0,2.71,9.55,63.05,3.161453310781228,5.742980991012487,0,52.21,18953.0,18953.0,3.9742463486082777,9.84977027003014,51.693069306930695,0,17.0,-72.13,0
49576,COMMITTED CARGO CARE LTD.,COMMITTED,18-10-2023,2023,5,1,77.0,86.1,11.82,25,8,1630400,3.5,1.0,1.5,4.94,17.43,1.0,2.71,9.55,63.05,3.161453310781228,5.742980991012487,0,78.73,75664.0,75664.0,4.378645926514404,11.234070981121128,52.13907284768212,0,330.5,329.22,1
497496,TARA CHAND INFRALOGISTIC SOLUTIONS LTD.,TARACHAND,23-03-2018,2018,1,1,55.0,49.05,-10.82,12,8,1004000,2.5,1.0,1.0,3.0,16.32,1.0,2.71,9.55,63.05,3.161453310781228,5.742980991012487,0,2.88,,103013.5,1.355835153635182,11.542625034002691,2.851485148514852,0,,,0
499596,PREMIER ROADLINES LTD.,PRLIND,17-05-2024,2024,156,0,67.0,91.35,36.34,16,3,2496000,3.5,1.0,1.5,5.52,16.56,1.0,2.71,9.55,63.05,3.161453310781228,5.742980991012487,0,106.5,106711.0,106711.0,4.677490847567717,11.57788889582088,70.52980132450331,0,41.5,-38.06,0
500,A B S MARINE SERVICES LTD.,ABSMARINE,21-05-2024,2024,154,0,147.0,279.3,90.0,32,6,2222000,3.5,1.0,1.5,8.37,33.37,1.0,2.71,9.55,63.05,3.161453310781228,5.742980991012487,0,110.24,236910.0,236910.0,4.711690029365764,12.375439822163028,73.00662251655629,0,286.2,94.69,1
503152,GREENCHEF APPLIANCES LTD.,GREENCHEF,2023-06-07,2023,169,1,87.0,109.2,25.52,13,9,1779200,1.96,2.47,1.07,4.1,26.61,1.0,1.96,7.46,44.89,3.806122448979592,5.017426273458445,1,62.63,80230.0,80230.0,4.1530850572447005,11.29266525283555,57.99074074074074,1,73.5,-15.52,0
503999,LEAD RECLAIM & RUBBER PRODUCTS LTD.,LRRPL,21-02-2023,2023,391,0,25.0,27.65,10.6,11,8,1050000,2.5,1.0,1.0,0.94,29.42,1.0,2.71,9.55,63.05,3.161453310781228,5.742980991012487,0,64.41,,103013.5,4.180675151973121,11.542625034002691,63.77227722772277,0,90.0,260.0,1
504721,ARABIAN PETROLEUM LTD.,ARABIAN,2023-09-10,2023,295,0,70.0,76.25,8.93,14,12,1222000,3.5,1.0,1.5,6.4,11.92,1.0,2.71,9.55,63.05,3.161453310781228,5.742980991012487,0,23.19,15909.0,15909.0,3.185939324621936,9.674703121331833,15.357615894039736,0,85.5,22.14,1
505096,GRETEX INDUSTRIES LTD.,GRETEX,14-10-2016,2016,3,1,20.0,24.0,20.0,7,9,264000,2.5,1.0,1.0,5.0,4.8,1.0,2.71,9.55,63.05,3.161453310781228,5.742980991012487,0,1.08,,103013.5,0.7323678937132266,11.542625034002691,1.0693069306930694,0,225.0,1025.0,1
509889,WONDER ELECTRICALS LTD.,WEL,2019-06-08,2019,5,1,89.0,89.05,0.06,10,8,155200,3.5,1.0,1.5,7.33,12.15,1.0,2.71,9.55,63.05,3.161453310781228,5.742980991012487,0,0.33,,103013.5,0.2851789422336624,11.542625034002691,0.2185430463576159,0,,,0
510787,UNIHEALTH CONSULTANCY LTD.,UNIHEALTH,21-09-2023,2023,2,1,132.0,133.0,0.76,13,9,1515000,0.98,0.0,0.53,0.87,152.86,1.0,0.98,4.46,18.22,4.551020408163265,3.0852017937219727,1,24.61,35044.0,35044.0,3.242982900211434,10.464388228934425,45.57407407407407,0,680.0,415.15,1
512073,VINSYS I T SERVICES INDIA LTD.,VINSYS,2023-11-08,2023,344,0,128.0,217.6,70.0,15,7,1845000,3.5,1.0,1.5,3.97,54.78,1.0,2.71,9.55,63.05,3.161453310781228,5.742980991012487,0,111.56,144469.0,144469.0,4.723486412806134,11.880827152523429,73.88079470198676,0,580.0,353.12,1
514927,HINDPRAKASH INDUSTRIES LTD.,HPIL,27-01-2020,2020,764,0,40.0,41.3,3.25,12,10,651000,3.5,1.0,1.5,3.08,13.41,1.0,2.71,9.55,63.05,3.161453310781228,5.742980991012487,0,1.37,,103013.5,0.8628899551470398,11.542625034002691,0.9072847682119206,0,118.99,198.25,1
515340,PUSHPANJALI REALMS & INFRATECH LTD.,PUSHPREALM,2017-10-07,2017,25,1,55.0,55.45,0.82,4,10,428000,2.5,1.0,1.0,2.41,23.03,1.0,2.71,9.55,63.05,3.161453310781228,5.742980991012487,0,0.94,,103013.5,0.6626879730752367,11.542625034002691,0.9306930693069306,0,,0.0,0
516117,FOCUS LIGHTING & FIXTURES LTD.,FOCUS,13-04-2017,2017,1,1,78.0,54.0,-30.77,12,1694,6000,3.5,1.0,1.5,9.86,5.48,1.0,2.71,9.55,63.05,3.161453310781228,5.742980991012487,0,106.73,,103013.5,4.679628096906101,11.542625034002691,70.68211920529802,0,60.64,573.78,1
516434,ARVEE LABORATORIES (INDIA) LTD.,ARVEE,22-02-2018,2018,2,1,61.0,62.5,2.46,6,8,752000,2.5,1.0,1.0,1.72,36.25,1.0,2.71,9.55,63.05,3.161453310781228,5.742980991012487,0,3.62,,103013.5,1.5303947050936475,11.542625034002691,3.584158415841584,0,174.06,185.34,1
517469,K H F M HOSPITALITY & FACILITY MGMT. SERVICES LTD.,KHFM,2019-12-04,2019,2,1,36.0,36.1,0.28,13,8,129000,3.5,1.0,1.5,2.83,12.78,1.0,2.71,9.55,63.05,3.161453310781228,5.742980991012487,0,1.4,,103013.5,0.8754687373538999,11.542625034002691,0.9271523178807948,0,43.0,19.44,1
517534,HEC INFRA PROJECTS LTD.,HECPROJECT,2015-09-01,2015,207,1,38.0,455.0,1097.37,10,2113,2218,2.5,1.0,1.0,19.14,23.77,1.0,2.71,9.55,63.05,3.161453310781228,5.742980991012487,0,1.76,,103013.5,1.0152306797290584,11.542625034002691,1.7425742574257426,0,119.77,19.77,1
517625,SOLEX ENERGY LTD.,SOLEX,05-02-2018,2018,1,1,52.0,51.2,-1.54,12,11,702000,2.5,1.0,1.0,1.78,28.74,1.0,2.71,9.55,63.05,3.161453310781228,5.742980991012487,0,24.91,,103013.5,3.2546289945740186,11.542625034002691,24.663366336633665,0,695.1,1236.73,1
518799,P E ANALYTICS LTD.,PROPEQUITY,2022-04-04,2022,652,0,114.0,168.5,47.81,14,7,1194000,0.99,0.0,0.38,8.61,19.58,1.0,0.99,2.51,8.12,2.535353535353535,17.462151394422314,1,59.2,,103013.5,4.097672352314776,11.542625034002691,151.7948717948718,0,192.0,68.42,1
51936,CRAYONS ADVERTISING LTD.,CRAYONS,2023-02-06,2023,391,0,65.0,94.5,45.38,37,8,2228000,3.5,1.0,1.5,5.64,16.75,1.0,2.71,9.55,63.05,3.161453310781228,5.742980991012487,0,169.94,181667.0,181667.0,5.141312617737872,12.109936124399878,112.54304635761588,0,23.5,-63.85,0
519971,SAKAR HEALTHCARE LTD.,SAKAR,14-10-2016,2016,1,1,56.0,52.15,-6.88,12,918,795000,2.5,1.0,1.0,2.04,25.52,1.0,2.71,9.55,63.05,3.161453310781228,5.742980991012487,0,1.41,,103013.5,0.8796267475025635,11.542625034002691,1.396039603960396,0,,,0
520128,AUSTRALIAN PREMIUM SOLAR (INDIA) LTD.,APS,18-01-2024,2024,236,0,54.0,147.0,172.22,11,3,2184000,3.5,1.0,1.5,2.15,68.44,1.0,2.71,9.55,63.05,3.161453310781228,5.742980991012487,0,535.77,463445.0,463445.0,6.285569697359535,13.04644515234646,354.81456953642385,0,230.5,326.85,1
520240,INFOBEANS TECHNOLOGIES LTD.,INFOBEAN,29-06-2015,2015,1,1,60.0,40.0,-33.33,12,815,150000,2.5,1.0,1.0,10.87,3.68,1.0,2.71,9.55,63.05,3.161453310781228,5.742980991012487,0,26.36,,103013.5,3.3090820927543496,11.542625034002691,26.099009900990097,0,151.27,160.26,1
521179,ACCENT MICROCELL LTD.,ACCENTMIC,15-12-2023,2023,259,0,140.0,315.0,125.0,11,3,2900000,3.5,1.0,1.5,10.07,31.28,1.0,2.71,9.55,63.05,3.161453310781228,5.742980991012487,0,409.95,763332.0,763332.0,6.018471552594509,13.545449650180997,271.49006622516555,0,681.75,386.96,1
522976,DECCAN TRANSCON LEASING LTD.,DECCANTRAN,24-09-2024,2024,2,1,108.0,110.25,2.08,17,5,2462400,3.5,1.0,1.5,2.44,45.22,1.0,2.71,9.55,63.05,3.161453310781228,5.742980991012487,0,127.16,211219.0,211219.0,4.853279483320049,12.260655523300466,84.21192052980132,0,20.0,-81.48,0
523692,NARMADA AGROBASE LTD.,NARMADA,19-04-2018,2018,93,1,22.0,32.4,47.27,5,1660,160000,3.5,1.0,1.5,0.53,60.97,1.0,2.71,9.55,63.05,3.161453310781228,5.742980991012487,0,1.48,,103013.5,0.9082585601768908,11.542625034002691,0.9801324503311258,0,13.72,-14.06,0
524107,PANACHE DIGILIFE LTD.,PANACHE,25-04-2017,2017,302,1,52.0,85.75,64.9,10,994,723200,3.5,1.0,1.5,2.98,28.74,1.0,2.71,9.55,63.05,3.161453310781228,5.742980991012487,0,2.66,,103013.5,1.297463147413275,11.542625034002691,1.76158940397351,0,522.2,544.69,1
524400,PASHUPATI COTSPIN LTD.,PASHUPATI,08-09-2017,2017,1,1,75.0,75.0,0.0,12,8,763200,3.5,1.0,1.5,5.0,15.0,1.0,2.71,9.55,63.05,3.161453310781228,5.742980991012487,0,1.68,,103013.5,0.9858167945227652,11.542625034002691,1.1125827814569536,0,80.26,969.6,1
524804,EURO PANEL PRODUCTS LTD.,EUROBOND,24-12-2021,2021,711,0,70.0,71.4,2.0,8,8,576000,3.5,1.0,1.5,2.64,27.08,1.0,2.71,9.55,63.05,3.161453310781228,5.742980991012487,0,1.92,,103013.5,1.0715836162801904,11.542625034002691,1.271523178807947,0,148.05,111.43,1
526547,A V I ANSH TEXTILE LTD.,AVIANSH,27-09-2024,2024,64,0,62.0,71.15,14.76,19,3,2558000,3.5,1.0,1.5,2.37,30.04,1.0,2.71,9.55,63.05,3.161453310781228,5.742980991012487,0,11.38,11327.0,11327.0,2.5160822672564502,9.3350328159335,7.536423841059603,0,103.0,66.13,1
526572,HUSYS CONSULTING LTD.,HUSYSLTD,28-03-2016,2016,27,1,50.0,70.0,40.0,10,7,14500,2.5,1.0,1.0,1.37,50.92,1.0,2.71,9.55,63.05,3.161453310781228,5.742980991012487,0,4.19,,103013.5,1.6467336971777973,11.542625034002691,4.148514851485149,0,,0.0,0
527034,S A TECH SOFTWARE INDIA LTD.,SATECH,2024-02-08,2024,103,0,59.0,117.7,99.49,12,3,508000,2.5,1.0,1.0,3.67,32.08,1.0,2.71,9.55,63.05,3.161453310781228,5.742980991012487,0,621.77,393580.0,393580.0,6.434177269242813,12.883042170637363,615.6138613861386,0,38.9,-34.07,0
527344,V-MARC INDIA LTD.,VMARCIND,2021-09-04,2021,9,1,39.0,47.1,20.77,7,7,714000,2.5,1.0,1.0,2.54,18.57,1.0,2.71,9.55,63.05,3.161453310781228,5.742980991012487,0,1.8,,103013.5,1.029619417181158,11.542625034002691,1.7821782178217822,0,346.75,789.1,1
528672,AKANKSHA POWER & INFRASTRUCTURE LTD.,AKANKSHA,2024-03-01,2024,247,0,55.0,65.1,18.36,16,5,1812000,3.5,1.0,1.5,1.26,51.52,1.0,2.71,9.55,63.05,3.161453310781228,5.742980991012487,0,110.44,91668.0,91668.0,4.71348632947155,11.425939542202093,73.13907284768212,0,139.65,153.91,1
528763,INFINIUM PHARMACHEM LTD.,INFINIUM,17-04-2023,2023,421,0,135.0,147.8,9.48,20,12,800000,3.5,1.0,1.5,13.16,11.23,1.0,2.71,9.55,63.05,3.161453310781228,5.742980991012487,0,2.0,1742.0,1742.0,1.0986122886681098,7.463363045520021,1.3245033112582782,0,265.0,96.3,1
530880,APEX ECOTECH LTD.,APEXECO,2024-04-12,2024,19,0,73.0,145.6,99.45,15,5,1596800,2.5,1.0,1.0,5.03,28.96,1.0,2.71,9.55,63.05,3.161453310781228,5.742980991012487,0,329.65,261139.0,261139.0,5.801060414120672,12.47281194096203,326.38613861386136,0,262.5,259.59,1
532635,BOMBAY SUPER HYBRID SEEDS LTD.,BSHSL,25-04-2018,2018,1,1,92.0,63.0,-31.52,12,925,624000,3.5,1.0,1.5,1.8,35.02,1.0,2.71,9.55,63.05,3.161453310781228,5.742980991012487,0,14.45,,103013.5,2.7376090033437546,11.542625034002691,9.56953642384106,0,87.87,1364.5,1
533881,GLOBE INTERNATIONAL CARRIERS LTD.,GICL,19-10-2016,2016,19,1,24.0,24.95,3.96,6,12,300000,2.5,1.0,1.0,2.0,12.46,1.0,2.71,9.55,63.05,3.161453310781228,5.742980991012487,0,2.45,,103013.5,1.2383742310432684,11.542625034002691,2.4257425742574257,0,24.58,104.83,1
535693,AGARWAL TOUGHENED GLASS INDIA LTD.,AGARWALTUF,2024-05-12,2024,18,0,108.0,141.75,31.25,15,3,2598000,3.5,1.0,1.5,4.86,29.17,1.0,2.71,9.55,63.05,3.161453310781228,5.742980991012487,0,10.71,18395.0,18395.0,2.460443177609626,9.819888528659815,7.09271523178808,0,159.45,47.64,1
535718,OSIA HYPER RETAIL LTD.,OSIAHYPER,05-04-2019,2019,1,1,295.0,267.6,-9.29,12,1344,133200,2.5,1.0,1.0,14.01,19.1,1.0,2.71,9.55,63.05,3.161453310781228,5.742980991012487,0,0.57,,103013.5,0.4510756193602166,11.542625034002691,0.5643564356435643,0,2.24,-91.11,0
536435,I R I S CLOTHINGS LTD.,IRISDOREME,23-10-2018,2018,107,1,60.0,90.0,50.0,7,864,35200,3.5,1.0,1.5,5.26,17.12,1.0,2.71,9.55,63.05,3.161453310781228,5.742980991012487,0,0.27,,103013.5,0.2390169004704999,11.542625034002691,0.1788079470198675,0,64.58,258.78,1
537611,SOFTTECH ENGINEERS LTD.,SOFTTECH,11-05-2018,2018,1,1,131.0,92.4,-29.47,12,1394,1113600,2.5,1.0,1.0,7.22,12.8,1.0,2.71,9.55,63.05,3.161453310781228,5.742980991012487,0,41.28,,103013.5,3.7443141610020367,11.542625034002691,40.87128712871287,0,525.7,520.19,1
537826,EFFWA INFRA & RESEARCH LTD.,EFFWA,2024-12-07,2024,117,0,82.0,163.55,99.45,10,3,708800,3.5,1.0,1.5,6.01,27.24,1.0,2.71,9.55,63.05,3.161453310781228,5.742980991012487,0,323.81,461456.0,461456.0,5.783240395990917,13.042144154152837,214.4437086092715,0,362.1,341.59,1
538241,MAKS ENERGY SOLUTIONS INDIA LTD.,MAKS,28-09-2022,2022,10,1,20.0,21.0,5.0,12,8,690000,2.5,1.0,1.0,5.0,4.2,1.0,2.71,9.55,63.05,3.161453310781228,5.742980991012487,0,16.43,,103013.5,2.858192859531929,11.542625034002691,16.26732673267327,0,14.35,-28.25,0
539159,KSHITIJ POLYLINE LTD.,KSHITIJPOL,2018-08-10,2018,37,1,31.0,35.0,12.9,10,1399,388000,2.5,1.0,1.0,0.86,40.52,1.0,2.71,9.55,63.05,3.161453310781228,5.742980991012487,0,1.02,,103013.5,0.7030975114131134,11.542625034002691,1.00990099009901,0,4.2,-40.0,0
539171,ELECTRO FORCE (INDIA) LTD.,EFORCE,27-12-2023,2023,55,1,93.0,105.0,12.9,13,6,3480000,2.5,1.0,1.0,5.07,20.72,1.0,2.71,9.55,63.05,3.161453310781228,5.742980991012487,0,6.44,22118.0,22118.0,2.0068708488450007,10.00419224665776,6.376237623762377,0,18.3,-80.32,0
541704,MADHAV COPPER LTD.,MCL,2017-06-02,2017,607,1,70.0,93.8,34.0,5,202,380800,2.5,1.0,1.0,3.41,27.52,1.0,2.71,9.55,63.05,3.161453310781228,5.742980991012487,0,15.12,,103013.5,2.780060737078482,11.542625034002691,14.97029702970297,0,71.19,14.82,1
542946,LIBAS CONSUMER PRODUCTS LTD.,,2017-09-01,2017,322,1,48.95,71.4,45.86,13,7,896000,2.5,1.0,1.0,1.21,58.85,1.0,2.71,9.55,63.05,3.161453310781228,5.742980991012487,0,1.83,,103013.5,1.0402767116551463,11.542625034002691,1.811881188118812,0,8.21,228.4,1
54304,D P WIRES LTD.,DPWIRES,05-10-2017,2017,1,1,76.0,75.0,-1.32,12,843,472000,3.5,1.0,1.5,2.75,27.28,1.0,2.71,9.55,63.05,3.161453310781228,5.742980991012487,0,0.71,,103013.5,0.5364933705145685,11.542625034002691,0.4701986754966887,0,146.44,95.8,1
544633,GOYAL SALT LTD.,GOYALSALT,2023-11-10,2023,304,0,38.0,136.1,258.16,13,8,2757000,3.5,1.0,1.5,2.02,67.49,1.0,2.71,9.55,63.05,3.161453310781228,5.742980991012487,0,377.97,206371.0,206371.0,5.937457046276627,12.237435644472312,250.3112582781457,0,100.05,163.29,1
546359,A V S L INDUSTRIES LTD.,AVSL,06-10-2016,2016,1,1,36.0,36.0,0.0,12,8,15000,3.5,1.0,1.5,0.51,71.08,1.0,2.71,9.55,63.05,3.161453310781228,5.742980991012487,0,0.47,,103013.5,0.3852624007906449,11.542625034002691,0.3112582781456953,0,119.7,232.5,1
547344,NANDANI CREATION LTD.,JAIPURKURT,10-10-2016,2016,1,1,59.0,33.6,-43.05,12,1795,172000,3.5,1.0,1.5,1.73,19.43,1.0,2.71,9.55,63.05,3.161453310781228,5.742980991012487,0,0.5,,103013.5,0.4054651081081644,11.542625034002691,0.3311258278145695,0,24.85,-11.25,0
547455,DHANUKA REALTY LTD.,DRL,18-10-2016,2016,10,1,40.0,41.25,3.13,8,12,186000,2.5,1.0,1.0,5.34,7.72,1.0,2.71,9.55,63.05,3.161453310781228,5.742980991012487,0,2.38,,103013.5,1.2178757094949273,11.542625034002691,2.3564356435643563,0,,0.0,0
549540,ICE MAKE REFRIGERATION LTD.,ICEMAKE,2017-08-12,2017,385,1,55.0,68.4,24.36,8,1047,6000,2.5,1.0,1.0,2.89,23.66,1.0,2.71,9.55,63.05,3.161453310781228,5.742980991012487,0,148.26,,103013.5,5.005689751703241,11.542625034002691,146.79207920792078,0,685.6,1102.81,1
550858,JET FREIGHT LOGISTICS LTD.,JETFREIGHT,06-12-2016,2016,1,1,48.0,33.6,-30.0,12,1849,160000,3.5,1.0,1.5,4.92,6.83,1.0,2.71,9.55,63.05,3.161453310781228,5.742980991012487,0,3.81,,103013.5,1.57069708411767,11.542625034002691,2.52317880794702,0,22.14,57.43,1
551751,GLOBAL EDUCATION LTD.,GLOBAL,02-03-2017,2017,1,1,196.0,180.0,-8.16,12,1385,28000,2.5,1.0,1.0,22.15,8.13,1.0,2.71,9.55,63.05,3.161453310781228,5.742980991012487,0,112.93,,103013.5,4.735584224710024,11.542625034002691,111.81188118811882,0,130.16,333.87,1
552417,ONE POINT ONE SOLUTIONS LTD.,ONEPOINT,26-12-2017,2017,252,1,39.8,80.4,102.01,9,510,66000,2.5,1.0,1.0,3.79,21.2,1.0,2.71,9.55,63.05,3.161453310781228,5.742980991012487,0,30.64,,103013.5,3.4544221428994533,11.542625034002691,30.33663366336633,0,59.64,344.33,1
553315,GODHA CABCON & INSULATION LTD.,GODHA,2018-11-05,2018,2,1,33.0,33.05,0.15,2,8,228000,2.5,1.0,1.0,0.52,63.28,1.0,2.71,9.55,63.05,3.161453310781228,5.742980991012487,0,2.41,,103013.5,1.2267122912954254,11.542625034002691,2.386138613861386,0,,0.0,0
554292,DURLAX TOP SURFACE LTD.,DURLAX,26-06-2024,2024,28,1,68.0,103.55,52.28,14,5,2098000,2.5,1.0,1.0,2.98,34.78,1.0,2.71,9.55,63.05,3.161453310781228,5.742980991012487,0,193.95,193949.0,193949.0,5.272743115428606,12.175355672868111,192.02970297029705,0,63.3,-6.91,0
556991,ACCURACY SHIPPING LTD.,ACCURACY,22-06-2018,2018,177,1,27.0,86.1,218.89,10,911,940800,0.09,1.0,0.22,6.85,12.57,1.0,0.09,0.11,0.44,1.2222222222222223,12.636363636363637,1,1.45,,103013.5,0.8960880245566356,11.542625034002691,6.304347826086956,0,4.65,-44.64,0
55726,DANISH POWER LTD.,DANISH,29-10-2024,2024,43,0,380.0,598.5,57.5,39,5,2436900,3.5,1.0,1.5,19.88,30.11,1.0,2.71,9.55,63.05,3.161453310781228,5.742980991012487,0,79.88,455168.0,455168.0,4.392966574712216,13.028424057542,52.900662251655625,0,1021.35,168.78,1
557707,SRIVASAVI ADHESIVE TAPES LTD.,SRIVASAVI,2023-09-03,2023,12,1,41.0,42.0,2.44,13,9,1404000,3.5,1.0,1.5,2.55,16.49,1.0,2.71,9.55,63.05,3.161453310781228,5.742980991012487,0,8.38,,103013.5,2.238579763018133,11.542625034002691,5.549668874172186,0,73.05,78.17,1
557903,SONI SOYA PRODUCTS LTD.,SONISOYA,2018-12-04,2018,16,1,25.0,25.5,2.0,4,8,468000,2.5,1.0,1.0,2.68,9.53,1.0,2.71,9.55,63.05,3.161453310781228,5.742980991012487,0,3.99,,103013.5,1.6074359097634274,11.542625034002691,3.9504950495049513,0,,0.0,0
558060,YUDIZ SOLUTIONS LTD.,YUDIZ,17-08-2023,2023,27,1,165.0,181.4,9.94,12,9,902400,3.5,1.0,1.5,2.66,68.07,1.0,2.71,9.55,63.05,3.161453310781228,5.742980991012487,0,6.41,7276.0,7276.0,2.002830439307996,8.892473968347087,4.245033112582782,0,23.1,-86.0,0
558552,T A C INFOSEC LTD.,TAC,2024-05-04,2024,183,0,106.0,304.5,187.26,8,3,1460400,10.34,2.64,6.06,6.04,50.41,1.0,10.34,24.86,70.12,2.404255319148936,15.97626709573612,1,433.8,340097.0,340097.0,6.074886155247055,12.73698909035465,71.46622734761121,1,490.9,363.11,1
559208,BETA DRUGS LTD.,BETA,2017-12-10,2017,205,1,85.0,101.95,19.94,12,8,2211200,2.5,1.0,1.0,2.94,34.72,1.0,2.71,9.55,63.05,3.161453310781228,5.742980991012487,0,8.0,,103013.5,2.19722457733622,11.542625034002691,7.920792079207921,0,2055.2,2317.88,1
560000,KAPSTON SERVICES LTD.,,2018-04-04,2018,5,1,91.0,92.55,1.7,9,7,141600,2.5,1.0,1.0,6.77,13.66,1.0,2.71,9.55,63.05,3.161453310781228,5.742980991012487,0,1.83,,103013.5,1.0402767116551463,11.542625034002691,1.811881188118812,0,8.21,228.4,1
560307,A S L INDUSTRIES LTD.,ASLIND,18-04-2017,2017,9,1,35.0,35.05,0.14,12,11,884000,2.5,1.0,1.0,0.46,76.06,1.0,2.71,9.55,63.05,3.161453310781228,5.742980991012487,0,3.18,,103013.5,1.430311246536665,11.542625034002691,3.1485148514851486,0,208.15,494.71,1
560583,C K P PRODUCTS LTD.,CKPPRODUCT,2017-09-05,2017,133,1,50.0,50.15,0.3,3,11,627000,2.5,1.0,1.0,3.31,15.17,1.0,2.71,9.55,63.05,3.161453310781228,5.742980991012487,0,7.26,,103013.5,2.1114245875328868,11.542625034002691,7.188118811881188,0,,0.0,0
560737,JEYYAM GLOBAL FOODS LTD.,JEYYAM,2024-09-09,2024,3,1,61.0,64.05,5.0,16,5,4858000,1.62,0.63,0.97,3.17,20.19,1.0,1.62,4.37,119.41,2.697530864197531,26.32494279176201,1,70.43,157278.0,157278.0,4.268717949166882,11.965776577273294,71.86734693877551,0,21.05,-65.49,0
561399,ROCKINGDEALS CIRCULAR ECONOMY LTD.,ROCKINGDCE,30-11-2023,2023,269,0,140.0,315.0,125.0,21,6,831000,16.35,0.02,14.19,3.83,82.15,1.0,16.35,54.46,213.64,3.330886850152905,2.9228791773778915,1,201.42,100711.0,100711.0,5.310344746760755,11.520020237446095,14.184507042253522,0,234.0,67.14,1
565492,S S INFRASTRUCTURE DEVP. CONSULTANTS LTD.,SSINFRA,2018-12-04,2018,24,1,40.0,43.1,7.75,11,7,1005000,2.5,1.0,1.0,3.67,11.75,1.0,2.71,9.55,63.05,3.161453310781228,5.742980991012487,0,9.6,,103013.5,2.360854001118021,11.542625034002691,9.504950495049505,0,,,0
566013,SHANTI OVERSEAS (INDIA) LTD.,SHANTI,2017-03-08,2017,286,1,22.0,42.9,95.0,6,1513,1032000,3.5,1.0,1.5,4.11,10.45,1.0,2.71,9.55,63.05,3.161453310781228,5.742980991012487,0,20.14,,103013.5,3.051166980442092,11.542625034002691,13.337748344370862,0,6.19,-87.62,0
566084,ACE INTEGRATED SOLUTIONS LTD.,ACEINTEG,13-07-2017,2017,1,1,46.0,39.55,-14.02,12,1948,258000,3.5,1.0,1.5,1.74,22.79,1.0,2.71,9.55,63.05,3.161453310781228,5.742980991012487,0,0.97,,103013.5,0.6780335427498971,11.542625034002691,0.6423841059602649,0,17.37,-56.58,0
566355,VAISHALI PHARMA LTD.,VAISHALI,22-08-2017,2017,186,1,40.0,70.35,75.87,9,888,400000,2.5,1.0,1.0,0.83,84.31,1.0,2.71,9.55,63.05,3.161453310781228,5.742980991012487,0,2.02,,103013.5,1.1052568313867783,11.542625034002691,2.0,0,8.79,-38.96,0
569097,SHREE O S F M E-MOBILITY LTD.,SHREEOSFM,21-12-2023,2023,250,0,65.0,68.25,5.0,17,3,826000,3.5,1.0,1.5,2.6,26.21,1.0,2.71,9.55,63.05,3.161453310781228,5.742980991012487,0,9.3,8337.0,8337.0,2.33214389523559,9.02857865844074,6.158940397350994,0,,,0
570802,R M DRIP & SPRINKLERS SYSTEMS LTD.,,04-10-2017,2017,173,1,47.04,58.8,25.0,12,7,416000,2.5,1.0,1.0,0.55,106.31,1.0,2.71,9.55,63.05,3.161453310781228,5.742980991012487,0,1.83,,103013.5,1.0402767116551463,11.542625034002691,1.811881188118812,0,8.21,228.4,1
571291,D P ABHUSHAN LTD.,DPABHUSHAN,23-10-2017,2017,1463,0,28.0,33.6,20.0,0,12,3400000,2.5,1.0,1.0,2.19,15.32,1.0,2.71,9.55,63.05,3.161453310781228,5.742980991012487,0,15.24,,103013.5,2.787477334733532,11.542625034002691,15.089108910891088,0,1448.3,5061.79,1
571694,RELIABLE DATA SERVICES LTD.,RELIABLE,2017-11-10,2017,303,1,48.0,68.4,42.5,16,2472,88000,2.5,1.0,1.0,1.58,43.25,1.0,2.71,9.55,63.05,3.161453310781228,5.742980991012487,0,13.57,,103013.5,2.6789646202071133,11.542625034002691,13.435643564356436,0,140.2,145.88,1
571695,SILLY MONKS ENTERTAINMENT LTD.,SILLYMONKS,18-01-2018,2018,288,1,25.0,144.0,476.0,5,910,109200,2.5,1.0,1.0,0.8,180.63,1.0,2.71,9.55,63.05,3.161453310781228,5.742980991012487,0,12.36,,103013.5,2.5922651681085,11.542625034002691,12.237623762376238,0,16.39,-86.34,0
571696,C K P LEISURE LTD.,CKPLEISURE,06-03-2018,2018,1,1,30.0,29.9,-0.33,12,11,884000,3.5,1.0,1.5,0.86,34.71,1.0,2.71,9.55,63.05,3.161453310781228,5.742980991012487,0,2.11,,103013.5,1.1346227261911428,11.542625034002691,1.3973509933774833,0,,0.0,0
571928,VERTOZ LTD.,,24-11-2017,2017,511,1,103.68,129.6,25.0,12,7,708000,2.5,1.0,1.0,2.39,54.24,1.0,2.71,9.55,63.05,3.161453310781228,5.742980991012487,0,1.83,,103013.5,1.0402767116551463,11.542625034002691,1.811881188118812,0,8.21,228.4,1
574204,KANDARP DIGI SMART B P O LTD.,KANDARP,28-09-2022,2022,1,1,30.0,28.5,-5.0,12,8,108000,3.5,1.0,1.5,0.93,30.81,1.0,2.71,9.55,63.05,3.161453310781228,5.742980991012487,0,2.8,,103013.5,1.33500106673234,11.542625034002691,1.854304635761589,0,71.05,136.83,1
575190,ANI INTEGRATED SERVICES LTD.,AISL,20-11-2017,2017,87,1,100.0,120.0,20.0,9,10,8400,3.5,1.0,1.5,6.78,17.69,1.0,2.71,9.55,63.05,3.161453310781228,5.742980991012487,0,75.36,,103013.5,4.335458998857547,11.542625034002691,49.90728476821192,0,55.0,-45.0,0
575776,ESPRIT STONES LTD.,ESPRIT,2024-02-08,2024,103,0,87.0,97.8,12.41,8,3,1412800,2.5,1.0,1.0,4.63,21.12,1.0,2.71,9.55,63.05,3.161453310781228,5.742980991012487,0,145.75,171404.0,171404.0,4.988730458708206,12.051784456248924,144.30693069306932,0,64.1,-26.32,0
576134,FELIX INDUSTRIES LTD.,FELIX,2017-05-12,2017,2,1,35.0,35.8,2.29,5,8,624000,2.5,1.0,1.0,0.81,44.47,1.0,2.71,9.55,63.05,3.161453310781228,5.742980991012487,0,0.0,,103013.5,0.0,11.542625034002691,0.0,0,206.15,489.0,1
576662,INNOVANA THINKLABS LTD.,INNOVANA,12-12-2017,2017,1,1,467.0,83.6,-82.1,12,2570,506000,2.5,1.0,1.0,1.59,52.73,1.0,2.71,9.55,63.05,3.161453310781228,5.742980991012487,0,2.77,,103013.5,1.3270750014599193,11.542625034002691,2.742574257425743,0,303.25,332.21,1
576803,BANKA BIOLOO LTD.,BANKA,27-02-2018,2018,204,1,31.55,115.0,264.5,6,986,112800,2.5,1.0,1.0,2.12,54.36,1.0,2.71,9.55,63.05,3.161453310781228,5.742980991012487,0,0.44,,103013.5,0.3646431135879093,11.542625034002691,0.4356435643564356,0,79.96,-30.47,0
576804,AJOONI BIOTECH LTD.,AJOONI,02-01-2018,2018,1,1,40.0,36.0,-10.0,12,1232,172000,2.5,1.0,1.0,0.48,75.28,1.0,2.71,9.55,63.05,3.161453310781228,5.742980991012487,0,48.19,,103013.5,3.895690350807248,11.542625034002691,47.71287128712871,0,3.28,-45.33,0
580031,UNIINFO TELECOM SERVICES LTD.,UNIINFO,15-03-2018,2018,43,1,43.0,55.75,29.65,8,1407,1054000,3.5,1.0,1.5,2.07,26.98,1.0,2.71,9.55,63.05,3.161453310781228,5.742980991012487,0,3.04,,103013.5,1.396244691973059,11.542625034002691,2.013245033112583,0,11.23,-79.58,0
580641,DEBOCK INDUSTRIES LTD.,,2018-05-06,2018,2,1,20.0,20.35,1.75,10,7,282000,3.5,1.0,1.5,1.23,16.56,1.0,2.71,9.55,63.05,3.161453310781228,5.742980991012487,0,1.83,,103013.5,1.0402767116551463,11.542625034002691,1.2119205298013245,0,8.21,228.4,1
580642,PRITI INTERNATIONAL LTD.,PRITI,21-06-2018,2018,220,1,66.0,81.25,23.11,1,1358,488000,2.5,1.0,1.0,3.51,23.16,1.0,2.71,9.55,63.05,3.161453310781228,5.742980991012487,0,8.1,,103013.5,2.2082744135228043,11.542625034002691,8.01980198019802,0,33.43,-55.43,0
581279,MAHICKRA CHEMICALS LTD.,MAHICKRA,26-04-2018,2018,1120,0,25.0,36.75,47.0,1,8,924000,2.5,1.0,1.0,5.0,7.35,1.0,2.71,9.55,63.05,3.161453310781228,5.742980991012487,0,33.28,,103013.5,3.534562093729579,11.542625034002691,32.95049504950495,0,314.5,1158.0,1
581466,AAKASH EXPLORATION SERVICES LTD.,AAKASH,27-04-2018,2018,12,1,53.0,57.0,7.55,11,894,224000,2.5,1.0,1.0,3.47,16.44,1.0,2.71,9.55,63.05,3.161453310781228,5.742980991012487,0,1.38,,103013.5,0.8671004876833833,11.542625034002691,1.3663366336633662,0,8.88,58.57,1
581723,VERA SYNTHETIC LTD.,VERA,2018-12-04,2018,9,1,40.0,42.75,6.88,18,8,351000,2.5,1.0,1.0,2.17,19.72,1.0,2.71,9.55,63.05,3.161453310781228,5.742980991012487,0,3.7,,103013.5,1.547562508716013,11.542625034002691,3.663366336633664,0,86.25,115.62,1
582109,GIRIRAJ CIVIL DEVELOPERS LTD.,GIRIRAJ,2018-02-04,2018,97,1,100.0,100.1,0.1,13,12,190800,2.5,1.0,1.0,6.53,15.32,1.0,2.71,9.55,63.05,3.161453310781228,5.742980991012487,0,1.36,,103013.5,0.8586616190375187,11.542625034002691,1.3465346534653466,0,77.3,-22.7,0
582374,SIRCA PAINTS INDIA LTD.,SIRCA,30-05-2018,2018,1,1,202.0,164.8,-18.42,12,426,1563200,2.5,1.0,1.0,10.61,15.53,1.0,2.71,9.55,63.05,3.161453310781228,5.742980991012487,0,9.16,,103013.5,2.318458442150336,11.542625034002691,9.069306930693068,0,406.25,153.75,1
582511,LATTEYS INDUSTRIES LTD.,LATTEYS,2018-05-06,2018,194,1,35.0,66.2,89.14,5,1821,278000,3.5,1.0,1.5,2.3,28.73,1.0,2.71,9.55,63.05,3.161453310781228,5.742980991012487,0,3.74,,103013.5,1.556037135706985,11.542625034002691,2.4768211920529803,0,20.69,56.74,1
582822,POWERFUL TECHNOLOGIES LTD.,POWERFUL,28-08-2018,2018,1,1,51.0,45.6,-10.59,12,11,4000,2.5,1.0,1.0,4.49,10.16,1.0,0.34,0.42,0.56,1.2352941176470589,2.095238095238096,1,1.09,,103013.5,0.7371640659767197,11.542625034002691,1.0792079207920793,0,,0.0,0
583183,AERON COMPOSITE LTD.,AERON,2024-04-09,2024,34,1,125.0,157.5,26.0,13,5,1817000,3.5,1.0,1.5,5.94,26.51,1.0,2.71,9.55,63.05,3.161453310781228,5.742980991012487,0,33.77,47889.0,47889.0,3.5487549460197703,10.776661993336656,22.364238410596027,0,80.95,-35.24,0
583260,POSITRON ENERGY LTD.,POSITRON,20-08-2024,2024,92,0,250.0,498.75,99.5,16,6,326400,2.5,1.0,1.0,11.67,42.74,1.0,2.71,9.55,63.05,3.161453310781228,5.742980991012487,0,351.9,399755.0,399755.0,5.8661847306812245,12.898609639964423,348.4158415841584,0,192.55,-22.98,0
583372,ENERGY-MISSION MACHINERIES (INDIA) LTD.,EMMIL,16-05-2024,2024,157,0,60.0,384.25,540.42,13,3,1707000,3.5,1.0,1.5,9.53,40.34,1.0,2.71,9.55,63.05,3.161453310781228,5.742980991012487,0,289.36,287050.0,287050.0,5.67112153241664,12.567415179303351,191.6291390728477,0,114.9,-16.74,0
583556,SHREEOSWAL SEEDS & CHEMICALS LTD.,OSWALSEEDS,20-06-2018,2018,1,1,348.0,27.0,-92.24,12,1722,1776000,3.5,1.0,1.5,5.0,5.4,1.0,2.71,9.55,63.05,3.161453310781228,5.742980991012487,0,5.69,,103013.5,1.900613874140137,11.542625034002691,3.7682119205298017,0,13.72,163.85,1
584007,BRIGHT SOLAR LTD.,BRIGHT,2018-09-07,2018,57,1,36.0,36.95,2.64,8,10,2037000,2.5,1.0,1.0,3.39,10.89,1.0,2.71,9.55,63.05,3.161453310781228,5.742980991012487,0,1.49,,103013.5,0.9122827104766162,11.542625034002691,1.4752475247524752,0,,0.0,0
585974,MINDPOOL TECHNOLOGIES LTD.,MINDPOOL,28-02-2019,2019,1,1,30.0,28.5,-5.0,12,8,284000,2.5,1.0,1.0,2.48,11.5,1.0,2.71,9.55,63.05,3.161453310781228,5.742980991012487,0,2.5,,103013.5,1.252762968495368,11.542625034002691,2.4752475247524752,0,71.1,137.0,1
585975,PARIN FURNITURE LTD.,PARIN,2018-09-10,2018,49,1,63.0,64.9,3.02,12,11,1042000,2.5,1.0,1.0,1.93,33.56,1.0,2.71,9.55,63.05,3.161453310781228,5.742980991012487,0,3.74,,103013.5,1.556037135706985,11.542625034002691,3.702970297029703,0,704.0,1017.46,1
586969,DANGEE DUMS LTD.,DANGEE,2018-03-09,2018,203,1,92.0,94.35,2.55,8,812,1611200,2.5,1.0,1.0,1.19,79.39,1.0,2.71,9.55,63.05,3.161453310781228,5.742980991012487,0,23.85,,103013.5,3.2128577525426376,11.542625034002691,23.613861386138616,0,2.73,-63.11,0
588213,SHIVALIC POWER CONTROL LTD.,SPCL,2024-01-07,2024,126,0,100.0,326.55,226.55,20,5,3286800,3.5,1.0,1.5,4.71,69.26,1.0,2.71,9.55,63.05,3.161453310781228,5.742980991012487,0,230.14,409196.0,409196.0,5.443023587547295,12.921951981654434,152.41059602649003,0,65.55,-34.45,0
58843,DEV INFORMATION TECHNOLOGY LTD.,DEVIT,17-04-2017,2017,1,1,129.0,50.4,-60.93,12,1776,27000,2.5,1.0,1.0,5.16,9.76,1.0,2.71,9.55,63.05,3.161453310781228,5.742980991012487,0,89.14,,103013.5,4.501364017262502,11.542625034002691,88.25742574257426,0,23.13,179.17,1
589116,AARON INDUSTRIES LTD.,AARON,2018-03-09,2018,1500,0,27.0,38.7,43.33,5,805,297000,2.5,1.0,1.0,1.94,19.9,1.0,2.71,9.55,63.05,3.161453310781228,5.742980991012487,0,2.65,,103013.5,1.2947271675944,11.542625034002691,2.623762376237624,0,119.92,215.58,1
589303,SPECTRUM ELECTRICAL INDS. LTD.,SPECTRUM,2018-01-10,2018,3,1,65.0,65.5,0.77,10,10,1068000,2.5,1.0,1.0,4.11,15.92,1.0,2.71,9.55,63.05,3.161453310781228,5.742980991012487,0,0.56,,103013.5,0.4446858212614457,11.542625034002691,0.5544554455445545,0,3039.6,4636.54,1
590327,SYNOPTICS TECHNOLOGIES LTD.,SYNOPTICS,13-07-2023,2023,1,1,237.0,226.1,-4.6,12,8,1018200,2.5,1.0,1.0,7.82,28.92,1.0,2.71,9.55,63.05,3.161453310781228,5.742980991012487,0,2.54,4586.0,4586.0,1.264126727145683,8.430981494597171,2.514851485148515,0,46.4,-80.42,0
591582,SHUBHLAXMI JEWEL ART LTD.,SHUBHLAXMI,2018-04-12,2018,317,1,26.0,27.2,4.62,0,7,868000,2.5,1.0,1.0,5.0,5.44,1.0,2.71,9.55,63.05,3.161453310781228,5.742980991012487,0,5.41,,103013.5,1.8578592709325787,11.542625034002691,5.356435643564357,0,18.4,-29.23,0
592254,USHA FINANCIAL SERVICES LTD.,USHAFIN,31-10-2024,2024,1,1,168.0,155.85,-7.23,12,3,1393600,2.5,1.0,1.0,5.0,31.17,1.0,2.71,9.55,63.05,3.161453310781228,5.742980991012487,0,20.76,54359.0,54359.0,3.080073421987742,10.90338386826508,20.554455445544555,0,51.0,-69.64,0
594409,VARANIUM CLOUD LTD.,CLOUD,27-09-2022,2022,360,1,61.5,128.55,109.02,5,395,957000,3.5,1.0,1.5,30.64,4.2,1.0,2.71,9.55,63.05,3.161453310781228,5.742980991012487,0,5.09,,103013.5,1.8066480817218056,11.542625034002691,3.3708609271523176,0,,0.0,0
594993,A V P INFRACON LTD.,AVPINFRA,20-03-2024,2024,2,1,75.0,75.05,0.07,12,5,1497600,2.5,1.0,1.0,5.33,14.07,1.0,2.71,9.55,63.05,3.161453310781228,5.742980991012487,0,22.49,30791.0,30791.0,3.156574798670821,10.335010194963582,22.267326732673265,0,57.5,-23.33,0
595960,DOLLEX AGROTECH LTD.,DOLLEX,28-12-2022,2022,1,1,35.0,31.5,-10.0,12,8,268000,3.5,1.0,1.5,0.48,65.0,1.0,2.71,9.55,63.05,3.161453310781228,5.742980991012487,0,2.29,,103013.5,1.1908875647772803,11.542625034002691,1.5165562913907285,0,37.2,6.29,1
598166,VAXTEX COTFAB LTD.,VCL,13-01-2020,2020,3,1,24.0,24.8,3.33,15,10,396000,3.5,1.0,1.5,0.63,39.31,1.0,2.71,9.55,63.05,3.161453310781228,5.742980991012487,0,4.19,,103013.5,1.6467336971777973,11.542625034002691,2.774834437086093,0,1.61,-32.92,0
598415,ORIANA POWER LTD.,ORIANA,2023-11-08,2023,344,0,118.0,317.1,168.73,10,8,2781600,2.5,1.0,1.0,6.18,51.29,1.0,2.71,9.55,63.05,3.161453310781228,5.742980991012487,0,204.04,285651.0,285651.0,5.323205082055815,12.562529565703452,202.019801980198,0,271.75,130.3,1
599638,ON DOOR CONCEPTS LTD.,ONDOOR,01-11-2023,2023,1,1,208.0,203.4,-2.21,12,5,327000,2.5,1.0,1.0,1.24,164.14,1.0,0.96,2.78,3.61,2.895833333333333,1.010791366906475,1,7.87,9259.0,9259.0,2.1826747963214883,9.133459327640225,7.792079207920792,0,268.7,29.18,1
602608,RAJGOR CASTOR DERIVATIVES LTD.,RCDL,31-10-2023,2023,21,1,50.0,61.1,22.2,5,11,4995000,3.5,1.0,1.5,4.7,12.99,1.0,2.71,9.55,63.05,3.161453310781228,5.742980991012487,0,79.88,84517.0,84517.0,4.392966574712216,11.344719808411686,52.900662251655625,0,13.45,-73.1,0
603281,SIGMA SOLVE LTD.,SIGMA,19-10-2020,2020,1,1,295.0,45.1,-84.71,12,973,108000,3.5,1.0,1.5,1.97,22.89,1.0,2.71,9.55,63.05,3.161453310781228,5.742980991012487,0,2.09,,103013.5,1.128171090909654,11.542625034002691,1.3841059602649006,0,47.03,944.0,1
605333,SPECTRUM TALENT MGMT. LTD.,SPECTRUM,2018-01-10,2018,379,0,65.0,65.5,0.77,10,10,1068000,2.5,1.0,1.0,4.11,15.92,1.0,2.71,9.55,63.05,3.161453310781228,5.742980991012487,0,0.56,,103013.5,0.4446858212614457,11.542625034002691,0.5544554455445545,0,3039.6,4636.54,1
605565,PROVENTUS AGROCOM LTD.,PROV,2023-05-06,2023,337,0,771.0,862.05,11.81,8,10,173280,2.5,1.0,1.0,5.84,147.74,1.0,2.71,9.55,63.05,3.161453310781228,5.742980991012487,0,0.74,1993.0,1993.0,0.5538851132264376,7.597897950521784,0.7326732673267327,0,1951.35,153.09,1
605598,PURV FLEXIPACK LTD.,PURVFLEXI,2024-05-03,2024,200,0,71.0,247.0,247.89,19,5,2235200,2.5,1.0,1.0,0.15,1619.67,1.0,2.71,9.55,63.05,3.161453310781228,5.742980991012487,0,448.73,533091.0,533091.0,6.108647402692333,13.18644929613288,444.2871287128713,0,44.4,-37.46,0
605686,ASHAPURA LOGISTICS LTD.,ASHALOG,2024-06-08,2024,20,1,144.0,175.75,22.05,22,5,1410000,2.5,1.0,1.0,5.2,33.79,1.0,2.71,9.55,63.05,3.161453310781228,5.742980991012487,0,174.21,211837.0,211837.0,5.165985254498996,12.2635771105986,172.4851485148515,0,60.05,-58.3,0
606025,SUPREME FACILITY MGMT. PVT. LTD.,SFML,18-12-2024,2024,1,1,76.0,71.25,-6.25,12,5,1456000,3.5,1.0,1.5,5.0,14.25,0.45,2.71,9.55,63.05,3.161453310781228,5.742980991012487,0,42.5,81914.0,81914.0,3.7727609380946383,11.313437403254364,28.14569536423841,0,20.6,-72.89,0
606773,S D RETAIL LTD.,SDREAMS,27-09-2024,2024,64,0,131.0,150.9,15.19,20,3,2337000,2.5,1.0,1.0,4.0,37.72,1.0,2.71,9.55,63.05,3.161453310781228,5.742980991012487,0,65.25,107597.0,107597.0,4.193435464866331,11.58615733917648,64.6039603960396,0,79.35,-39.43,0
606996,MARINETRANS INDIA LTD.,MARINETRAN,2023-08-12,2023,127,1,26.0,31.0,19.23,19,3,1976000,3.5,1.0,1.5,0.95,32.6,1.0,2.71,9.55,63.05,3.161453310781228,5.742980991012487,0,47.24,23526.0,23526.0,3.87618855241893,10.06590397678042,31.28476821192053,0,14.55,-44.04,0
607566,TIMESCAN LOGISTICS (INDIA) LTD.,TIMESCAN,2022-12-01,2022,579,0,51.0,86.1,68.82,16,7,432000,3.5,1.0,1.5,7.27,11.84,1.0,2.71,9.55,63.05,3.161453310781228,5.742980991012487,0,90.34,,103013.5,4.514588807756853,11.542625034002691,59.82781456953643,0,39.45,-22.65,0
607942,NEWMALAYALAM STEEL LTD.,NMSTEEL,27-12-2024,2024,1,1,90.0,85.5,-5.0,12,4,440000,3.5,1.0,1.5,5.0,17.1,0.45,2.71,9.55,63.05,3.161453310781228,5.742980991012487,0,87.7,117354.0,117354.0,4.485259889315534,11.67295880795564,58.0794701986755,0,22.5,-75.0,0
608123,CELL POINT (INDIA) LTD.,CELLPOINT,28-06-2023,2023,1,1,100.0,95.0,-5.0,12,8,1927200,2.5,1.0,1.0,3.62,26.26,1.0,2.71,9.55,63.05,3.161453310781228,5.742980991012487,0,7.92,15781.0,15781.0,2.188295946591918,9.66662532908098,7.841584158415841,0,14.65,-85.35,0
608260,CHAVDA INFRA LTD.,CHAVDA,25-09-2023,2023,314,0,65.0,86.45,33.0,11,11,1938000,2.5,1.0,1.0,4.9,17.65,1.0,2.71,9.55,63.05,3.161453310781228,5.742980991012487,0,202.07,223492.0,223492.0,5.313550747188626,12.317135372634768,200.06930693069307,0,120.0,84.62,1
608318,JAY JALARAM TECHNOLOGIES LTD.,KORE,2022-08-09,2022,555,0,36.0,52.5,45.83,10,9,1059000,2.5,1.0,1.0,0.76,68.74,1.0,2.71,9.55,63.05,3.161453310781228,5.742980991012487,0,11.38,,103013.5,2.5160822672564502,11.542625034002691,11.267326732673268,0,169.85,371.81,1
608618,SERVICE CARE LTD.,SERVICE,26-07-2023,2023,2,1,67.0,67.55,0.82,12,8,1386000,3.5,1.0,1.5,3.9,17.3,1.0,2.71,9.55,63.05,3.161453310781228,5.742980991012487,0,10.54,6943.0,6943.0,2.4458192610799534,8.845633256340186,6.9801324503311255,0,66.05,-1.42,0
609139,WISE TRAVEL INDIA LTD.,WTICAB,19-02-2024,2024,215,0,147.0,204.75,39.29,15,5,2568000,3.5,1.0,1.5,6.93,29.57,1.0,2.71,9.55,63.05,3.161453310781228,5.742980991012487,0,108.76,226649.0,226649.0,4.698296163977576,12.331162256368994,72.02649006622516,0,103.45,-29.63,0
610035,INTEGRATED PERSONNEL SERVICES LTD.,IPSL,2022-11-11,2022,313,0,59.0,69.8,18.31,18,9,840000,2.5,1.0,1.0,3.65,19.13,1.0,2.71,9.55,63.05,3.161453310781228,5.742980991012487,0,24.49,,103013.5,3.238286218388024,11.542625034002691,24.247524752475247,0,215.0,264.41,1
611654,KSOLVES INDIA LTD.,KSOLVES,06-07-2020,2020,1,1,406.0,106.9,-73.67,12,819,15600,2.5,1.0,1.0,9.31,11.48,1.0,2.71,9.55,63.05,3.161453310781228,5.742980991012487,0,0.62,,103013.5,0.4824261492442927,11.542625034002691,0.6138613861386139,0,251.6,405.7,1
614243,KALANA ISPAT LTD.,KALANA,26-09-2024,2024,1,1,66.0,47.4,-28.18,12,3,508000,3.5,1.0,1.5,1.79,26.41,1.0,2.71,9.55,63.05,3.161453310781228,5.742980991012487,0,74.51,87403.0,87403.0,4.324265097815334,11.378296327186757,49.34437086092716,0,18.5,-71.97,0
614819,TECHERA ENGINEERING (INDIA) LTD.,TECHERA,2024-03-10,2024,61,0,82.0,131.25,60.06,6,6,1625600,2.1,0.0,2.41,2.3,57.06,1.0,2.1,8.34,69.8,3.971428571428571,7.3693045563549155,1,66.52,60532.0,60532.0,4.212423850287702,11.01094394985813,27.48760330578512,0,159.1,94.02,1
617883,B E W ENGINEERING LTD.,BEWLTD,16-09-2021,2021,772,0,58.0,133.95,130.95,10,9,116000,3.5,1.0,1.5,10.5,12.76,1.0,2.71,9.55,63.05,3.161453310781228,5.742980991012487,0,24.79,,103013.5,3.2499868198932536,11.542625034002691,16.417218543046356,0,49.15,-15.26,0
640966,BODHI TREE MULTIMEDIA LTD.,BTML,21-10-2020,2020,2,1,95.0,95.8,0.84,7,8,28800,2.5,1.0,1.0,15.12,6.34,1.0,2.71,9.55,63.05,3.161453310781228,5.742980991012487,0,1.76,,103013.5,1.0152306797290584,11.542625034002691,1.7425742574257426,0,7.25,-23.68,0
643228,Q M S MEDICAL ALLIED SERVICES LTD.,QMSMEDI,2022-11-10,2022,319,1,121.0,134.4,11.07,5,11,1390000,2.5,1.0,1.0,3.91,34.37,1.0,2.71,9.55,63.05,3.161453310781228,5.742980991012487,0,0.51,,103013.5,0.412109650826833,11.542625034002691,0.504950495049505,0,177.36,46.58,1
643266,KRISHIVAL FOODS LTD.,,31-03-2022,2022,459,0,35.28,44.1,25.0,12,7,792000,2.5,1.0,1.0,1.72,25.68,1.0,2.71,9.55,63.05,3.161453310781228,5.742980991012487,0,1.83,,103013.5,1.0402767116551463,11.542625034002691,1.811881188118812,0,8.21,228.4,1
644555,NETWORK PEOPLE SERVICES TECHNOLOGIES LTD.,NPST,10-08-2021,2021,1,1,80.0,79.9,-0.12,12,8,281600,6.16,0.0,0.28,1.66,48.25,1.0,6.16,9.83,12.73,1.5957792207792207,1.2756866734486267,1,50.68,,103013.5,3.945070859474346,11.542625034002691,174.75862068965515,0,1828.5,2191.38,1
644606,SOTAC PHARMACEUTICALS LTD.,SOTAC,13-04-2023,2023,194,1,111.0,120.75,8.78,8,10,812400,3.5,1.0,1.5,4.07,29.65,1.0,2.71,9.55,63.05,3.161453310781228,5.742980991012487,0,0.91,755.0,755.0,0.6471032420585384,6.628041376179533,0.6026490066225165,0,90.05,-18.87,0
644697,SIDDHIKA COATINGS LTD.,SIDDHIKA,07-04-2021,2021,1,1,57.0,56.95,-0.09,12,12,82000,2.5,1.0,1.0,2.82,20.22,1.0,2.71,9.55,63.05,3.161453310781228,5.742980991012487,0,2.86,,103013.5,1.3506671834767394,11.542625034002691,2.8316831683168315,0,214.8,276.84,1
645432,WALPAR NUTRITIONS LTD.,WALPAR,13-07-2021,2021,2,1,55.0,57.0,3.64,1,8,248000,2.5,1.0,1.0,5.0,11.4,1.0,2.71,9.55,63.05,3.161453310781228,5.742980991012487,0,17.94,,103013.5,2.9412760877579323,11.542625034002691,17.762376237623762,0,22.0,-60.0,0
646219,PLADA INFOTECH SERVICES LTD.,PLADAINFO,13-10-2023,2023,8,1,48.0,56.05,16.77,13,8,999000,2.5,1.0,1.0,2.58,21.75,1.0,2.71,9.55,63.05,3.161453310781228,5.742980991012487,0,73.78,30064.0,30064.0,4.314550469548967,10.311116983473667,73.04950495049505,0,13.05,-72.81,0
647406,PARAGON FINE & SPECIALITY CHEMICAL LTD.,PARAGON,2023-03-11,2023,283,1,100.0,213.75,113.75,5,4,1606800,12.18,2.71,14.09,6.58,32.5,1.0,12.18,37.18,205.74,3.052545155993432,4.533620225927918,1,185.28,265138.0,265138.0,5.227250918114176,12.488009495753362,13.140425531914897,1,53.65,-46.35,0
647482,KAY CEE ENERGY & INFRA LTD.,KCEIL,2024-05-01,2024,244,0,54.0,239.4,343.33,9,3,1610000,3.5,1.0,1.5,6.79,35.27,1.0,2.71,9.55,63.05,3.161453310781228,5.742980991012487,0,1311.1,643749.0,643749.0,7.17938418611167,13.375065730960085,868.2781456953642,0,74.3,37.59,1
647528,MANGALAM WORLDWIDE LTD.,MAL,27-11-2019,2019,561,0,41.0,51.5,25.61,9,9,140000,2.5,1.0,1.0,1.51,34.03,1.0,2.71,9.55,63.05,3.161453310781228,5.742980991012487,0,8.73,17782.0,17782.0,2.2752138961979136,9.78599822374366,8.643564356435643,0,42.25,-47.19,0
647610,GANESH GREEN BHARAT LTD.,GGBL,2024-12-07,2024,117,0,190.0,379.05,99.5,5,3,978600,12.73,5.79,8.56,5.81,65.28,1.0,12.73,36.61,229.92,2.875883739198743,5.280251297459711,1,176.88,639229.0,639229.0,5.181109165642496,13.368019605999937,20.639439906651106,1,205.4,8.11,1
647629,BOMBAY METRICS SUPPLY CHAIN LTD.,BMETRICS,2021-12-10,2021,517,1,93.0,103.2,10.97,6,8,94800,3.5,1.0,1.5,5.98,17.27,1.0,2.71,9.55,63.05,3.161453310781228,5.742980991012487,0,20.69,,103013.5,3.076851324838783,11.542625034002691,13.701986754966889,0,34.0,-63.44,0
647882,SABAR FLEX INDIA LTD.,SABAR,21-09-2022,2022,405,0,11.0,22.05,100.45,4,8,2930000,2.5,1.0,1.0,1.06,20.77,1.0,2.71,9.55,63.05,3.161453310781228,5.742980991012487,0,54.47,,103013.5,4.015842334067143,11.542625034002691,53.930693069306926,0,9.5,-13.64,0
647954,SATHLOKHAR SYNERGYS E & C GLOBAL LTD.,SSEGL,2024-06-08,2024,101,0,140.0,247.0,76.43,11,5,1297000,2.5,1.0,1.0,10.85,22.76,1.0,2.71,9.55,63.05,3.161453310781228,5.742980991012487,0,160.47,339228.0,339228.0,5.08431936689353,12.73443067452839,158.88118811881188,0,413.2,195.14,1
648466,R N F I SERVICES LTD.,RNFI,29-07-2024,2024,107,0,105.0,189.55,80.52,12,5,1629600,5.94,0.0,4.08,2.8,67.76,1.0,5.94,23.98,221.49,4.037037037037037,8.236447039199334,1,142.62,264564.0,264564.0,4.967170922682172,12.48584224678159,34.87041564792176,0,319.3,204.1,1
648531,OSEL DEVICES LTD.,OSELDEVICE,24-09-2024,2024,67,0,160.0,207.95,29.97,18,5,1958400,3.5,1.0,1.5,7.86,26.45,1.0,2.71,9.55,63.05,3.161453310781228,5.742980991012487,0,206.07,378345.0,378345.0,5.3330569003519335,12.843564399845294,136.47019867549668,0,363.9,127.44,1
650760,DUDIGITAL GLOBAL LTD.,DUGLOBAL,21-12-2022,2022,1,1,65.0,131.25,101.92,12,9,2785600,3.5,1.0,1.5,4.14,31.7,1.0,2.71,9.55,63.05,3.161453310781228,5.742980991012487,0,3.5,,103013.5,1.5040773967762742,11.542625034002691,2.3178807947019866,0,,,0
651138,ASPIRE & INNOVATIVE ADVERTISING LTD.,,03-04-2024,2024,157,1,47.44,59.3,25.0,12,7,1506000,3.5,1.0,1.5,6.13,9.67,1.0,2.71,9.55,63.05,3.161453310781228,5.742980991012487,0,1.83,,103013.5,1.0402767116551463,11.542625034002691,1.2119205298013245,0,8.21,228.4,1
651798,AKIKO GLOBAL SERVICES LTD.,AKIKO,2024-02-07,2024,12,1,77.0,93.35,21.23,6,5,1267200,3.5,1.0,1.5,3.51,26.6,1.0,2.71,9.55,63.05,3.161453310781228,5.742980991012487,0,45.57,28436.0,28436.0,3.840956556994286,10.25544639312115,30.178807947019862,0,416.1,440.39,1
654272,D K ENTERPRISES GLOBAL LTD.,DKEGL,22-10-2021,2021,3,1,40.0,43.3,8.25,2,7,576000,3.5,1.0,1.5,2.64,16.42,1.0,2.71,9.55,63.05,3.161453310781228,5.742980991012487,0,17.58,,103013.5,2.922085733385692,11.542625034002691,11.642384105960264,0,70.0,75.0,1
655424,VIVO COLLABORATION SOLUTIONS LTD.,VIVO,31-12-2021,2021,323,1,82.0,337.35,311.4,9,8,283200,2.5,1.0,1.0,16.72,20.17,1.0,2.71,9.55,63.05,3.161453310781228,5.742980991012487,0,273.08,,103013.5,5.613420034575809,11.542625034002691,270.37623762376234,0,,,0
656409,BRACE PORT LOGISTICS LTD.,BRACEPORT,26-08-2024,2024,88,0,80.0,159.6,99.5,4,5,401600,52.27,6.59,29.03,4.29,37.19,1.0,52.27,156.24,657.81,2.9890950832217333,3.210253456221197,1,588.74,441557.0,441557.0,6.379681761806593,12.998064660726252,20.27341597796143,1,52.0,-35.0,0
656546,JEENA SIKHO LIFECARE LTD.,JSLL,19-04-2022,2022,16,1,150.0,173.35,15.57,5,12,1115000,2.5,1.0,1.0,7.42,23.36,1.0,2.71,9.55,63.05,3.161453310781228,5.742980991012487,0,1.69,,103013.5,0.9895411936137476,11.542625034002691,1.6732673267326732,0,510.4,1598.83,1
656621,KALAHRIDHAAN TRENDZ LTD.,KTL,23-02-2024,2024,195,0,10.0,49.5,395.0,8,3,2529000,3.5,1.0,1.5,4.75,10.41,1.0,2.71,9.55,63.05,3.161453310781228,5.742980991012487,0,9.63,7618.0,7618.0,2.363680192353857,8.93840040647301,6.37748344370861,0,,0.0,0
656721,BABA FOOD PROCESSING (INDIA) LTD.,BABAFP,15-11-2023,2023,1,1,76.0,72.2,-5.0,12,8,969600,3.5,1.0,1.5,3.55,20.32,1.0,2.71,9.55,63.05,3.161453310781228,5.742980991012487,0,60.82,107765.0,107765.0,4.124226936703971,11.587717488821516,40.27814569536424,0,23.1,-69.61,0
657837,RICHA INFO SYSTEMS LTD.,RICHA,21-02-2022,2022,1,1,125.0,118.75,-5.0,12,10,161000,2.5,1.0,1.0,3.74,31.71,1.0,2.71,9.55,63.05,3.161453310781228,5.742980991012487,0,6.94,,103013.5,2.0719132752590443,11.542625034002691,6.871287128712871,0,75.5,-39.6,0
657941,AMEYA PRECISION ENGINEERS LTD.,AMEYA,2022-08-09,2022,115,1,34.0,65.4,92.35,10,9,1648000,3.5,1.0,1.5,1.81,36.07,1.0,2.71,9.55,63.05,3.161453310781228,5.742980991012487,0,243.53,,103013.5,5.499338000774475,11.542625034002691,161.27814569536423,0,142.55,319.26,1
658848,GLOBESECURE TECHNOLOGIES LTD.,GSTL,2022-02-06,2022,594,1,29.0,37.1,27.93,6,8,2476000,2.5,1.0,1.0,0.81,45.67,1.0,2.71,9.55,63.05,3.161453310781228,5.742980991012487,0,4.64,,103013.5,1.7298840655099674,11.542625034002691,4.594059405940594,0,11.9,-58.97,0
659024,HVAX TECHNOLOGIES LTD.,HVAX,2024-07-10,2024,59,0,458.0,490.35,7.06,14,6,279600,1.13,0.0,1.09,39.65,12.37,1.0,1.13,2.43,63.05,2.1504424778761067,0.0,1,26.69,21752.0,21752.0,3.3210713371828704,9.987506958039702,24.26363636363636,0,,,0
659048,AIMTRON ELECTRONICS LTD.,AIMTRON,2024-06-06,2024,142,0,161.0,253.05,57.17,13,3,2638400,3.5,1.0,1.5,6.67,37.93,1.0,2.71,9.55,63.05,3.161453310781228,5.742980991012487,0,71.62,160563.0,160563.0,4.28524036598619,11.986447895965084,47.43046357615894,0,1662.25,932.45,1
659301,SONU INFRATECH LTD.,SONUINFRA,13-05-2022,2022,2,1,36.0,37.6,4.44,5,8,834000,2.5,1.0,1.0,2.14,17.57,1.0,2.71,9.55,63.05,3.161453310781228,5.742980991012487,0,19.6,,103013.5,3.025291075795536,11.542625034002691,19.405940594059405,0,47.1,30.83,1
660107,BIKEWO GREEN TECH LTD.,BIKEWO,27-09-2024,2024,1,1,62.0,47.25,-23.79,12,3,336000,3.5,1.0,1.5,1.28,36.9,1.0,2.71,9.55,63.05,3.161453310781228,5.742980991012487,0,61.04,53474.0,53474.0,4.127779338308338,10.886969533950609,40.42384105960265,0,116.0,87.1,1
661075,VITAL CHEMTECH LTD.,VITAL,14-11-2022,2022,71,1,101.0,163.1,61.49,1,11,2787600,3.17,1.4,1.3,6.37,25.62,1.0,3.17,11.43,29.48,3.6056782334384856,5.940507436570429,1,116.98,,103013.5,4.770515118574929,11.542625034002691,89.29770992366412,1,55.4,-45.15,0
661077,FIDEL SOFTECH LTD.,FIDEL,2022-10-06,2022,597,0,37.0,62.05,67.7,18,8,1794000,3.5,1.0,1.5,3.4,18.23,1.0,2.71,9.55,63.05,3.161453310781228,5.742980991012487,0,67.44,,103013.5,4.225957449023992,11.542625034002691,44.662251655629134,0,161.55,336.62,1
661186,UPSURGE SEEDS OF AGRICULTURE LTD.,USASEEDS,2022-11-08,2022,553,0,120.0,147.0,22.5,5,9,753600,2.5,1.0,1.0,5.61,26.21,1.0,2.71,9.55,63.05,3.161453310781228,5.742980991012487,0,59.29,,103013.5,4.099166252501314,11.542625034002691,58.7029702970297,0,90.0,-25.0,0
662927,T B I CORN LTD.,TBI,2024-07-06,2024,141,0,94.0,207.9,121.17,2,3,2592000,3.5,1.0,1.5,5.53,37.56,1.0,2.71,9.55,63.05,3.161453310781228,5.742980991012487,0,194.54,258158.0,258158.0,5.275764962077525,12.46133095315156,128.83443708609272,0,82.45,-12.29,0
663473,ANNAPURNA SWADISHT LTD.,ANNAPURNA,27-09-2022,2022,561,0,70.0,126.0,80.0,0,8,2338000,5.59,0.0,3.58,1.61,78.08,1.0,5.59,17.78,133.43,3.1806797853309483,6.504499437570304,1,225.54,,103013.5,5.422921529772568,11.542625034002691,62.82451253481894,0,132.55,89.36,1
663918,TAPI FRUIT PROCESSING LTD.,TAPIFRUIT,22-09-2022,2022,25,1,48.0,54.7,13.96,4,8,267000,2.5,1.0,1.0,0.43,125.92,1.0,2.71,9.55,63.05,3.161453310781228,5.742980991012487,0,3.32,,103013.5,1.463255402256019,11.542625034002691,3.287128712871287,0,44.25,-7.81,0
663919,RITE ZONE CHEMCON INDIA LTD.,RITEZONE,2022-11-11,2022,31,1,75.0,86.95,15.93,7,9,544000,2.5,1.0,1.0,5.0,17.39,1.0,2.71,9.55,63.05,3.161453310781228,5.742980991012487,0,7.1,,103013.5,2.091864061678393,11.542625034002691,7.02970297029703,0,21.45,-71.4,0
664042,GAYATRI RUBBERS & CHEMICALS LTD.,GRCL,2023-07-02,2023,328,0,30.0,36.75,22.5,1,8,600000,2.5,1.0,1.0,1.29,28.5,1.0,2.71,9.55,63.05,3.161453310781228,5.742980991012487,0,42.23,,103013.5,3.766534698679541,11.542625034002691,41.81188118811881,0,572.5,1808.33,1
664209,PHANTOM DIGITAL EFFECTS LTD.,PHANTOMFX,21-10-2022,2022,544,0,95.0,312.7,229.16,6,7,1632000,2.94,0.0,1.68,9.01,34.7,1.0,2.94,17.5,164.22,5.9523809523809526,8.384,1,207.08,,103013.5,5.337922621140396,11.542625034002691,122.53254437869823,0,95.5,0.53,1
664238,VIVIANA POWER TECH LTD.,VIVIANA,16-09-2022,2022,547,0,55.0,94.5,71.82,8,8,966000,2.5,1.0,1.0,5.08,18.62,1.0,2.71,9.55,63.05,3.161453310781228,5.742980991012487,0,72.95,,103013.5,4.303389189156809,11.542625034002691,72.22772277227723,0,718.8,1206.91,1
665153,APRAMEYA ENGINEERING LTD.,APRAMEYA,2024-01-08,2024,45,1,58.0,75.6,30.34,3,3,1564000,2.5,1.0,1.0,1.83,41.24,1.0,2.71,9.55,63.05,3.161453310781228,5.742980991012487,0,187.88,157442.0,157442.0,5.2411118927772575,11.966818766982588,186.01980198019805,0,113.95,96.47,1
665162,D C G CABLES & WIRES LTD.,DCG,16-04-2024,2024,1,1,100.0,85.5,-14.5,12,6,754800,3.5,1.0,1.5,4.9,17.44,1.0,2.71,9.55,63.05,3.161453310781228,5.742980991012487,0,21.7,42926.0,42926.0,3.122364924487357,10.667256277574843,14.370860927152318,0,78.5,-21.5,0
665310,VELS FILM INTL. LTD.,VELS,22-03-2023,2023,5,1,99.0,103.4,4.44,4,8,1422000,2.5,1.0,1.0,4.14,24.99,1.0,2.71,9.55,63.05,3.161453310781228,5.742980991012487,0,0.97,1310.0,1310.0,0.6780335427498971,7.1785454837637,0.9603960396039604,0,73.0,-26.26,0
665311,ANLON TECHNOLOGY SOLUTIONS LTD.,ANLON,2023-10-01,2023,478,0,100.0,263.65,163.65,8,8,648000,21.92,4.27,14.58,5.55,47.52,1.0,21.92,75.04,428.62,3.423357664233577,4.711886993603411,1,447.06,,103013.5,6.104927152018783,11.542625034002691,30.641535298149417,1,742.2,642.2,1
665333,MOXSH OVERSEAS EDUCON LTD.,MOXSH,30-12-2022,2022,1,1,153.0,127.85,-16.44,12,7,176800,2.5,1.0,1.0,13.12,9.74,1.0,2.71,9.55,63.05,3.161453310781228,5.742980991012487,0,107.78,,103013.5,4.689327493994814,11.542625034002691,106.7128712871287,0,90.5,-40.85,0
665555,BEACON TRUSTEESHIP LTD.,BEACON,2024-04-06,2024,144,0,60.0,94.5,57.5,9,5,2230000,2.5,1.0,1.0,2.86,33.08,1.0,2.71,9.55,63.05,3.161453310781228,5.742980991012487,0,502.49,452742.0,452742.0,6.221563850988198,13.023079914554906,497.5148514851485,0,81.0,35.0,1
665671,R B M INFRACON LTD.,RBMINFRA,2023-04-01,2023,491,0,36.0,55.1,53.06,10,8,1542000,2.5,1.0,1.0,1.68,32.75,1.0,2.71,9.55,63.05,3.161453310781228,5.742980991012487,0,34.33,,103013.5,3.5647324613710536,11.542625034002691,33.99009900990099,0,275.45,665.14,1
666877,SAHANA SYSTEM LTD.,SAHANA,2023-12-06,2023,382,0,135.0,171.15,26.78,3,10,1530000,1.11,0.16,1.54,7.77,22.04,1.0,1.11,2.79,9.99,2.513513513513513,2.5806451612903225,1,12.97,13428.0,13428.0,2.6369121732688705,9.505171826581176,8.36774193548387,0,848.75,528.7,1
667048,HOMESFY REALTY LTD.,HOMESFY,2023-02-01,2023,437,0,197.0,287.95,46.17,12,10,461400,3.5,1.0,1.5,11.55,24.92,1.0,2.71,9.55,63.05,3.161453310781228,5.742980991012487,0,16.55,,103013.5,2.865053949911875,11.542625034002691,10.960264900662253,0,116.0,-41.12,0
667269,VIAZ TYRES LTD.,VIAZ,2023-01-03,2023,5,1,62.0,68.05,9.76,5,8,2314000,3.5,1.0,1.5,1.89,36.09,1.0,2.71,9.55,63.05,3.161453310781228,5.742980991012487,0,6.25,,103013.5,1.9810014688665836,11.542625034002691,4.139072847682119,0,76.5,23.39,1
668618,AGARWAL FLOAT GLASS INDIA LTD.,AGARWALFT,23-02-2023,2023,2,1,42.0,44.05,4.88,5,8,1158000,3.5,1.0,1.5,4.14,10.64,1.0,2.71,9.55,63.05,3.161453310781228,5.742980991012487,0,7.2,,103013.5,2.1041341542702074,11.542625034002691,4.768211920529802,0,26.0,-38.1,0
669048,DE NEERS TOOLS LTD.,DENEERS,2023-11-05,2023,393,0,101.0,180.5,78.71,2,8,817200,3.5,1.0,1.5,8.01,22.55,1.0,2.71,9.55,63.05,3.161453310781228,5.742980991012487,0,12.5,7889.0,7889.0,2.602689685444384,8.97335141383992,8.278145695364238,0,172.25,70.54,1
671571,NIRMAN AGRI GENETICS LTD.,NIRMAN,28-03-2023,2023,2,1,99.0,101.3,2.32,3,8,1551600,2.5,1.0,1.0,4.9,20.68,1.0,2.71,9.55,63.05,3.161453310781228,5.742980991012487,0,2.2,1787.0,1787.0,1.1631508098056809,7.488852955733459,2.1782178217821784,0,26.8,-72.93,0
671884,SYSTANGO TECHNOLOGIES LTD.,SYSTANGO,15-03-2023,2023,445,0,90.0,102.9,14.33,19,9,1427200,1.28,0.0,0.96,8.0,12.86,1.0,1.28,5.01,64.99,3.9140625,11.972055888223553,1,66.59,,103013.5,4.213460043112263,11.542625034002691,68.64948453608248,0,222.65,147.39,1
672232,PATTECH FITWELL TUBE COMPONENTS LTD.,PATTECH,21-04-2023,2023,136,1,50.0,57.75,15.5,1,9,612000,3.5,1.0,1.5,0.94,61.36,1.0,2.71,9.55,63.05,3.161453310781228,5.742980991012487,0,2.01,760.0,760.0,1.1019400787607845,6.634633357861686,1.3311258278145697,0,114.85,129.7,1
673701,SHRI TECHTEX LTD.,SHRITECH,2023-04-08,2023,161,1,61.0,85.2,39.67,5,7,3576000,3.5,1.0,1.5,3.65,23.33,1.0,2.71,9.55,63.05,3.161453310781228,5.742980991012487,0,156.37,192493.0,192493.0,5.058599720612773,12.167820263393049,103.55629139072848,0,60.5,-0.82,0
673702,INFOLLION RESEARCH SERVICES LTD.,INFOLLION,2023-08-06,2023,388,0,82.0,198.55,142.13,14,8,971200,4.93,0.0,2.88,4.33,45.81,1.0,4.93,21.79,279.24,4.419878296146044,11.815052776502982,1,264.1,143673.0,143673.0,5.58010711329498,11.875302123198598,91.38408304498272,0,156.5,90.85,1
673813,URBAN ENVIRO WASTE MGMT. LTD.,URBAN,22-06-2023,2023,27,1,100.0,148.05,48.05,12,8,800400,2.5,1.0,1.0,5.94,24.94,1.0,2.71,9.55,63.05,3.161453310781228,5.742980991012487,0,220.65,99732.0,99732.0,5.401099561191063,11.510251894162774,218.46534653465343,0,120.95,20.95,1
674139,KRISHCA STRAPPING SOLUTIONS LTD.,KRISHCA,26-05-2023,2023,396,0,54.0,112.9,109.07,6,7,1004000,20.38,1.75,25.86,7.74,14.59,1.0,20.38,58.21,127.16,2.8562315996074585,4.781996220580656,1,457.83,242194.0,242194.0,6.128679771086129,12.397498465792248,17.69733281793583,1,164.0,203.7,1
674301,REMUS PHARMACEUTICALS LTD.,REMUS,29-05-2023,2023,396,0,1229.0,1796.8,46.2,8,10,155200,1.43,0.0,2.85,57.84,31.06,1.0,1.43,6.41,57.21,4.4825174825174825,7.925117004680186,1,37.5,48376.0,48376.0,3.6506582412937383,10.786779773146709,13.111888111888112,0,979.05,-20.34,0
674706,SUNGARNER ENERGIES LTD.,SEL,31-08-2023,2023,316,0,83.0,262.35,216.08,8,8,502400,3.5,1.0,1.5,3.19,82.21,1.0,2.71,9.55,63.05,3.161453310781228,5.742980991012487,0,192.93,35114.0,35114.0,5.26749726920815,10.46638366859312,127.7682119205298,0,354.3,326.87,1
674707,TRIDHYA TECH LTD.,TRIDHYA,13-07-2023,2023,3,1,42.0,44.1,5.0,5,8,2952000,3.5,1.0,1.5,1.06,41.75,1.0,2.71,9.55,63.05,3.161453310781228,5.742980991012487,0,67.61,47123.0,47123.0,4.2284382967028,10.76053770436601,44.77483443708609,0,7.0,-83.33,0
674859,KORE DIGITAL LTD.,KDL,14-06-2023,2023,3,1,180.0,190.95,6.08,14,7,547200,2.5,1.0,1.0,9.15,20.87,1.0,2.71,9.55,63.05,3.161453310781228,5.742980991012487,0,33.26,19706.0,19706.0,3.5339784928959737,9.888729181560583,32.930693069306926,0,78.75,-56.25,0
675285,TUNWAL E-MOTORS LTD.,TUNWAL,23-07-2024,2024,2,1,59.0,60.8,3.05,6,5,4260000,3.5,1.0,1.5,2.14,28.47,1.0,2.71,9.55,63.05,3.161453310781228,5.742980991012487,0,16.64,77458.0,77458.0,2.870169050578645,11.257504043096436,11.019867549668874,0,25.65,-56.53,0
67764,EMKAY TAPS & CUTTING TOOLS LTD.,EMKAYTOOLS,13-08-2015,2015,8,1,330.0,333.05,0.92,20,14,170000,3.5,1.0,1.5,63.53,5.24,1.0,2.71,9.55,63.05,3.161453310781228,5.742980991012487,0,1.25,,103013.5,0.8109302162163288,11.542625034002691,0.8278145695364238,0,95.5,-71.06,0
683755,MAGSON RETAIL & DISTRIBUTION LTD.,MAGSON,2023-06-07,2023,336,0,65.0,95.7,47.23,5,9,942000,2.5,1.0,1.0,3.17,30.17,1.0,2.71,9.55,63.05,3.161453310781228,5.742980991012487,0,7.38,3703.0,3703.0,2.1258479144939915,8.21716859576607,7.306930693069307,0,180.0,176.92,1
683828,GLOBAL PET INDS. LTD.,GLOBALPET,2023-10-07,2023,350,0,49.0,52.8,7.76,10,7,1104000,3.5,1.0,1.5,1.41,37.45,1.0,2.71,9.55,63.05,3.161453310781228,5.742980991012487,0,4.14,1768.0,1768.0,1.6370530794670737,7.478169694159785,2.741721854304636,0,163.0,232.65,1
684190,DRONE DESTINATION LTD.,DRONE,21-07-2023,2023,359,0,65.0,102.1,57.08,4,8,2240000,9.16,5.54,3.67,1.03,99.24,1.0,9.16,32.13,61.11,3.50764192139738,4.964830376595082,1,249.98,275728.0,275728.0,5.525373254682162,12.527173778277389,67.92934782608695,1,32.95,-49.31,0
684817,ZEAL GLOBAL SERVICES LTD.,ZEAL,2023-09-08,2023,345,0,103.0,154.35,49.85,9,8,1291200,2.5,1.0,1.0,7.34,21.03,1.0,2.71,9.55,63.05,3.161453310781228,5.742980991012487,0,3.85,5391.0,5391.0,1.5789787049493915,8.592671652592143,3.811881188118812,0,80.0,-22.33,0
684950,PARAMOUNT SPECIALITY FORGINGS LTD.,PARAMOUNT,25-09-2024,2024,66,0,59.0,87.15,47.71,1,5,2488000,3.5,1.0,1.5,2.78,31.3,1.0,2.71,9.55,63.05,3.161453310781228,5.742980991012487,0,36.26,24440.0,24440.0,3.6179203651734415,10.10401732897875,24.013245033112582,0,40.3,-65.56,0
684958,SRIVARI SPICES & FOODS LTD.,SSFL,18-08-2023,2023,338,0,42.0,106.55,153.69,4,9,1242000,10.37,1.23,6.33,4.3,24.79,1.0,10.37,42.03,450.03,4.053037608486018,9.707351891506066,1,517.95,123273.0,123273.0,6.251807539411298,11.722164799114584,81.69558359621452,1,303.0,621.43,1
685657,MONO PHARMACARE LTD.,MONOPHARMA,2023-07-09,2023,256,0,28.0,30.45,8.75,1,8,2024000,1.6,0.0,0.19,0.65,47.19,1.0,1.6,4.09,13.42,2.55625,2.281173594132029,1,19.4,10978.0,10978.0,3.0155349008501706,9.303739636234733,97.0,0,8.55,-69.46,0
685659,INTERIORS & MORE LTD.,INM,23-02-2024,2024,186,0,227.0,283.5,24.89,12,3,667200,0.21,0.0,0.08,6.4,44.27,1.0,0.21,0.43,0.83,2.0476190476190474,25.09302325581396,1,7.41,7604.0,7604.0,2.1294214739848565,8.936561204693394,82.33333333333334,0,162.9,-28.24,0
685790,C P S SHAPERS LTD.,CPS,2023-07-09,2023,292,0,185.0,472.5,155.41,11,7,388800,3.5,1.0,1.5,11.67,40.5,1.0,2.71,9.55,63.05,3.161453310781228,5.742980991012487,0,301.03,142688.0,142688.0,5.7105263501895465,11.86842271570047,199.35761589403967,0,,,0
685791,BASILIC FLY STUDIO LTD.,BASILIC,2023-11-09,2023,324,0,97.0,284.55,193.35,7,6,2415600,33.17,7.18,27.55,11.38,25.01,1.0,33.17,139.54,358.6,4.206813385589387,1.5698724380106066,1,415.22,704205.0,704205.0,6.031213966625265,13.464826205973525,15.066037735849056,1,178.1,83.61,1
686175,KUNDAN EDIFICE LTD.,KEL,26-09-2023,2023,1,1,91.0,78.75,-13.46,12,11,897600,2.5,1.0,1.0,4.96,15.89,1.0,2.71,9.55,63.05,3.161453310781228,5.742980991012487,0,44.13,48370.0,48370.0,3.80954721383891,10.786655739574796,43.693069306930695,0,85.45,-6.1,0
686213,MADHUSUDAN MASALA LTD.,MADHUSUDAN,26-09-2023,2023,313,0,70.0,114.0,62.86,2,5,1014000,27.78,0.8,18.27,4.13,27.59,1.0,27.78,141.64,444.27,5.098632109431245,2.1366139508613387,1,592.73,334891.0,334891.0,6.386424670570999,12.7215633707693,32.42505470459518,0,233.45,233.5,1
686214,KODY TECHNOLAB LTD.,KODYTECH,27-09-2023,2023,313,0,160.0,178.5,11.56,6,7,1024000,3.5,1.0,1.5,4.55,39.23,1.0,2.71,9.55,63.05,3.161453310781228,5.742980991012487,0,53.56,54681.0,54681.0,3.999301013535207,10.909289866613754,35.47019867549669,0,1516.8,848.0,1
686426,NEWJAISA TECHNOLOGIES LTD.,NEWJAISA,2023-05-10,2023,308,0,47.0,70.8,50.64,3,8,3726000,0.35,0.0,0.23,2.36,30.06,1.0,0.35,0.98,6.85,2.8000000000000003,5.989795918367347,1,6.54,6163.0,6163.0,2.020222182019865,8.726481196440007,27.25,0,18.0,-61.7,0
686427,INSPIRE FILMS LTD.,INSPIRE,2023-05-10,2023,53,1,59.0,67.85,15.0,11,8,1620000,10.0,7.04,10.31,1.57,43.35,1.0,10.0,34.91,129.08,3.491,2.697507877399026,1,180.41,108067.0,108067.0,5.200759662953232,11.590515937602412,17.481589147286822,1,9.0,-84.75,0
686576,KONTOR SPACE LTD.,KONTOR,2023-10-10,2023,10,1,93.0,115.9,24.62,5,7,446400,3.5,1.0,1.5,3.93,29.48,1.0,2.71,9.55,63.05,3.161453310781228,5.742980991012487,0,95.49,63408.0,63408.0,4.569439376032292,11.057361086186503,63.23841059602648,0,54.25,-41.67,0
686603,CELLECOR GADGETS LTD.,CELLECOR,28-09-2023,2023,215,1,92.0,96.6,5.0,3,8,1768800,3.5,1.0,1.5,3.8,25.45,1.0,2.71,9.55,63.05,3.161453310781228,5.742980991012487,0,124.08,189720.0,189720.0,4.82895353258964,12.1533098509032,82.17218543046357,0,30.0,226.09,1
686626,KARNIKA INDUSTRIES LTD.,KARNIKA,2023-12-10,2023,8,1,76.0,82.6,8.68,1,7,1665600,2.5,1.0,1.0,6.98,11.84,1.0,2.71,9.55,63.05,3.161453310781228,5.742980991012487,0,2.91,2853.0,2853.0,1.3635373739972745,7.956476798036782,2.881188118811881,0,,,0
686628,ONECLICK LOGISTICS INDIA LTD.,OLIL,2023-11-10,2023,7,1,99.0,133.0,34.34,1,8,356400,2.5,1.0,1.0,0.83,159.76,1.0,2.71,9.55,63.05,3.161453310781228,5.742980991012487,0,224.19,88554.0,88554.0,5.416944490306248,11.391379106890732,221.97029702970295,0,443.35,347.83,1
687185,MAITREYA MEDICARE LTD.,MAITREYA,2023-07-11,2023,281,0,82.0,154.45,88.35,4,6,505600,3.5,1.0,1.5,6.55,23.57,1.0,2.71,9.55,63.05,3.161453310781228,5.742980991012487,0,509.4,194589.0,194589.0,6.23519473203058,12.1786500599522,337.3509933774834,0,115.95,41.4,1
687186,SHANTHALA F M C G PRODUCTS LTD.,SHANTHALA,2023-03-11,2023,59,1,91.0,103.55,13.79,9,3,439200,3.5,1.0,1.5,0.3,346.78,1.0,2.71,9.55,63.05,3.161453310781228,5.742980991012487,0,3.05,2132.0,2132.0,1.3987168811184478,7.665284718471351,2.019867549668874,0,15.7,-82.75,0
687306,S A R TELEVENTURE LTD.,SARTELE,2023-08-11,2023,285,0,55.0,110.25,100.45,4,5,2390000,8.4,0.03,6.02,0.37,300.65,1.0,8.4,34.95,288.09,4.160714285714286,7.242918454935621,1,222.1,166575.0,166575.0,5.407620101438487,12.023206940714534,36.83250414593699,0,75.15,36.64,1
687518,SUNREST LIFESCIENCE LTD.,SUNREST,20-11-2023,2023,1,1,84.0,79.8,-5.0,12,11,376000,3.5,1.0,1.5,2.6,30.69,1.0,2.71,9.55,63.05,3.161453310781228,5.742980991012487,0,65.74,25179.0,25179.0,4.200804473323228,10.13380530759834,43.5364238410596,0,37.35,-55.54,0
688263,DELAPLEX LTD.,DELAPLEX,2024-02-02,2024,226,0,192.0,324.45,68.98,20,3,1172400,3.13,0.58,1.97,8.75,37.09,1.0,3.13,29.93,177.8,9.562300319488818,4.94052789842967,1,159.91,212517.0,212517.0,5.080845202471059,12.26678196964162,80.76262626262626,0,90.6,-52.81,0
688888,PRESSTONIC ENGINEERING LTD.,PRESSTONIC,18-12-2023,2023,258,0,72.0,147.0,104.17,2,5,2475200,3.5,1.0,1.5,4.62,31.83,1.0,2.71,9.55,63.05,3.161453310781228,5.742980991012487,0,188.75,181387.0,181387.0,5.24570741627574,12.108393662325078,125.0,0,29.95,-58.4,0
688898,NEPHRO CARE INDIA LTD.,NEPHROCARE,2024-05-07,2024,122,0,90.0,179.55,99.5,10,3,449600,3.5,1.0,1.5,2.78,64.63,1.0,2.71,9.55,63.05,3.161453310781228,5.742980991012487,0,634.12,572611.0,572611.0,6.453813957416858,13.257963628464628,419.94701986754967,0,93.75,4.17,1
689147,SAMEERA AGRO & INFRA LTD.,SAIFL,01-01-2024,2024,1,1,180.0,171.0,-5.0,12,5,500800,2.5,1.0,1.0,10.03,17.06,1.0,2.71,9.55,63.05,3.161453310781228,5.742980991012487,0,4.14,8523.0,8523.0,1.6370530794670737,9.050640993218508,4.099009900990099,0,4.4,-97.56,0
689149,INDIFRA LTD.,INDIFRA,29-12-2023,2023,2,1,65.0,68.4,5.23,14,3,370000,2.5,1.0,1.0,5.0,13.68,1.0,2.71,9.55,63.05,3.161453310781228,5.742980991012487,0,12.07,6191.0,6191.0,2.570319527636131,8.731013415269564,11.950495049504951,0,12.25,-81.15,0
689314,H R H NEXT SERVICES LTD.,HRHNEXT,2024-03-01,2024,29,1,36.0,43.05,19.58,17,5,1161000,2.5,1.0,1.0,3.43,12.54,1.0,2.71,9.55,63.05,3.161453310781228,5.742980991012487,0,63.46,26715.0,26715.0,4.166044876387292,10.193017915845529,62.83168316831683,0,26.55,-26.25,0
689315,KAUSHALYA LOGISTICS LTD.,KLL,2024-08-01,2024,244,0,75.0,105.0,40.0,17,5,2025600,2.5,1.0,1.0,3.5,30.03,1.0,2.71,9.55,63.05,3.161453310781228,5.742980991012487,0,375.91,381170.0,381170.0,5.932006432157784,12.8510033723174,372.1881188118812,0,32.4,-56.8,0
689655,I B L FINANCE LTD.,IBLFL,16-01-2024,2024,39,1,51.0,58.8,15.29,7,5,2130000,2.5,1.0,1.0,1.01,57.94,1.0,2.71,9.55,63.05,3.161453310781228,5.742980991012487,0,24.03,37364.0,37364.0,3.2200751054436827,10.52848971636439,23.792079207920796,0,61.0,19.61,1
689828,ADDICTIVE LEARNING TECHNOLOGY LTD.,LAWSIKHO,30-01-2024,2024,229,0,140.0,294.5,110.36,7,6,1789000,3.5,1.0,1.5,3.12,94.27,1.0,2.71,9.55,63.05,3.161453310781228,5.742980991012487,0,301.71,420885.0,420885.0,5.712775251491246,12.950117292147972,199.80794701986756,0,43.4,-69.0,0
689899,MAXPOSURE LTD.,MAXPOSURE,23-01-2024,2024,232,0,33.0,137.75,317.42,18,6,1592000,2.5,1.0,1.0,2.0,68.85,1.0,2.71,9.55,63.05,3.161453310781228,5.742980991012487,0,1034.23,529528.0,529528.0,6.942378903233991,13.17974321117352,1023.990099009901,0,39.95,21.06,1
690502,FONEBOX RETAIL LTD.,FONEBOX,2024-02-02,2024,217,0,70.0,210.0,200.0,3,3,1578000,3.5,1.0,1.5,2.46,85.5,1.0,2.71,9.55,63.05,3.161453310781228,5.742980991012487,0,886.32,429867.0,429867.0,6.788205683878033,12.971233463798551,586.9668874172186,0,132.2,88.86,1
690627,DOCMODE HEALTH TECHNOLOGIES LTD.,DHTL,2024-02-02,2024,189,0,79.0,180.75,128.8,7,3,585600,3.5,1.0,1.5,6.36,28.4,1.0,2.71,9.55,63.05,3.161453310781228,5.742980991012487,0,230.38,58055.0,58055.0,5.444061380600743,10.969163340957971,152.56953642384104,0,27.95,-64.62,0
691341,THAAI CASTING LTD.,TCL,23-02-2024,2024,211,0,77.0,195.15,153.44,1,3,3555200,3.5,1.0,1.5,5.0,39.03,1.0,2.71,9.55,63.05,3.161453310781228,5.742980991012487,0,355.66,449904.0,449904.0,5.876782947024367,13.016791728348304,235.5364238410596,0,132.3,71.82,1
691371,ESCONET TECHNOLOGIES LTD.,ESCONET,23-02-2024,2024,211,0,84.0,275.5,227.98,12,3,1248000,3.5,1.0,1.5,3.59,76.69,1.0,2.71,9.55,63.05,3.161453310781228,5.742980991012487,0,553.02,385452.0,385452.0,6.317200787178688,12.86217454496777,366.2384105960265,0,214.5,155.36,1
692124,SONA MACHINERY LTD.,SONAMAC,13-03-2024,2024,1,1,143.0,131.25,-8.22,12,6,693000,3.5,1.0,1.5,4.9,26.8,1.0,2.71,9.55,63.05,3.161453310781228,5.742980991012487,0,235.06,283245.0,283245.0,5.464086010000923,12.55407105699001,155.66887417218544,0,31.25,-78.15,0
692278,SHREE KARNI FABCOM LTD.,SHREEKARNI,14-03-2024,2024,197,0,227.0,273.0,20.26,1,3,655200,3.5,1.0,1.5,6.26,43.58,0.45,2.71,9.55,63.05,3.161453310781228,5.742980991012487,0,330.45,343005.0,343005.0,5.8034769686874,12.745503218706451,218.841059602649,0,370.0,63.0,1
692525,PRATHAM EPC PROJECTS LTD.,PRATHAM,18-03-2024,2024,195,0,75.0,118.95,58.6,10,5,2440000,3.5,1.0,1.5,5.1,23.34,1.0,2.71,9.55,63.05,3.161453310781228,5.742980991012487,0,179.48,179125.0,179125.0,5.195619968309694,12.09584474780854,118.86092715231788,0,121.5,62.0,1
692526,SIGNORIA CREATION LTD.,SIGNORIA,19-03-2024,2024,148,0,65.0,137.55,111.62,5,5,904000,3.5,1.0,1.5,3.87,35.57,1.0,2.71,9.55,63.05,3.161453310781228,5.742980991012487,0,649.88,172218.0,172218.0,6.4783252934201405,12.056522201706764,430.3841059602649,0,145.0,123.08,1
692994,ENFUSE SOLUTIONS LTD.,ENFUSE,22-03-2024,2024,190,0,96.0,115.45,20.26,7,3,1074000,8.36,1.93,5.27,3.88,29.78,1.0,8.36,39.45,357.31,4.718899521531101,8.057287705956908,1,248.42,160729.0,160729.0,5.519138222492601,11.987481217563186,47.04924242424243,1,142.0,47.92,1
693105,ENSER COMMUNICATIONS LTD.,ENSER,22-03-2024,2024,2,1,70.0,70.1,0.14,16,3,998000,3.5,1.0,1.5,3.51,19.97,1.0,2.71,9.55,63.05,3.161453310781228,5.742980991012487,0,10.92,5983.0,5983.0,2.478217661637204,8.696844519654313,7.231788079470198,0,14.1,0.71,1
693206,VISHWAS AGRI SEEDS LTD.,VISHWAS,01-04-2024,2024,1,1,86.0,83.6,-2.79,12,6,924800,3.5,1.0,1.5,6.01,13.91,1.0,2.71,9.55,63.05,3.161453310781228,5.742980991012487,0,11.57,10300.0,10300.0,2.531313022602156,9.239996256883693,7.662251655629139,0,39.8,-53.72,0
693411,NAMAN IN-STORE (INDIA) LTD.,NAMAN,2024-02-04,2024,43,1,89.0,118.75,33.43,14,6,748800,3.5,1.0,1.5,9.43,12.59,1.0,2.71,9.55,63.05,3.161453310781228,5.742980991012487,0,328.8,194647.0,194647.0,5.7984864101254985,12.178948078133516,217.7483443708609,0,38.1,-57.19,0
693506,BLUE PEBBLE LTD.,BLUEPEBBLE,2024-03-04,2024,185,0,168.0,208.95,24.37,7,6,508800,3.5,1.0,1.5,9.22,22.67,1.0,2.71,9.55,63.05,3.161453310781228,5.742980991012487,0,58.4,26221.0,26221.0,4.084294226368599,10.174354032059346,38.67549668874173,0,80.0,-52.38,0
693554,YASH OPTICS & LENS LTD.,YASHOPTICS,2024-08-04,2024,154,1,81.0,92.7,14.44,14,5,3004800,0.59,1.38,0.11,3.55,26.12,1.0,0.59,0.92,1.48,1.5593220338983051,44.836956521739125,1,32.46,45703.0,45703.0,3.510350695558678,10.729941100404298,270.5,1,133.9,65.31,1
693729,CREATIVE GRAPHICS SOLUTIONS INDIA LTD.,CGRAPHICS,2024-09-04,2024,179,0,85.0,176.25,107.35,10,5,3454400,0.96,0.0,0.47,4.34,40.65,1.0,2.71,9.55,63.05,3.161453310781228,5.742980991012487,0,144.63,192354.0,192354.0,4.981069158494489,12.167097902123851,301.3125,0,135.4,59.29,1
694572,GRILL SPLENDOUR SERVICES LTD.,BIRDYS,23-04-2024,2024,4,1,120.0,127.35,6.12,5,5,769200,3.5,1.0,1.5,5.0,25.47,1.0,2.71,9.55,63.05,3.161453310781228,5.742980991012487,0,12.78,6939.0,6939.0,2.6232182655855123,8.84505705350085,8.463576158940397,0,85.45,-28.79,0
695521,MANDEEP AUTO INDS. LTD.,MANDEEP,21-05-2024,2024,1,1,67.0,65.35,-2.46,12,6,1244000,3.5,1.0,1.5,2.06,31.72,0.45,2.71,9.55,63.05,3.161453310781228,5.742980991012487,0,90.52,81018.0,81018.0,4.516557527631488,11.302438974049062,59.94701986754966,0,17.8,-73.43,0
696082,SLONE INFOSYSTEMS LTD.,SLONE,2024-10-05,2024,160,0,79.0,112.6,42.53,2,3,836800,3.5,1.0,1.5,7.95,14.16,1.0,2.71,9.55,63.05,3.161453310781228,5.742980991012487,0,540.8,224973.0,224973.0,6.294896929650995,12.323740118953944,358.1456953642384,0,169.65,114.75,1
696225,WINSOL ENGINEERS LTD.,WINSOL,14-05-2024,2024,159,0,75.0,383.25,411.0,9,5,1680000,3.5,1.0,1.5,7.56,50.7,1.0,2.71,9.55,63.05,3.161453310781228,5.742980991012487,0,780.15,504758.0,504758.0,6.660767192857912,13.131836366625333,516.6556291390729,0,112.75,50.33,1
696603,INDIAN EMULSIFIERS LTD.,IEML,22-05-2024,2024,153,0,132.0,451.5,242.05,4,6,1881000,9.09,0.04,7.1,7.22,62.5,0.45,9.09,37.88,109.43,4.167216721672167,11.14545934530095,1,484.66,518586.0,518586.0,6.185508790596917,13.158863084283112,68.16596343178622,0,42.95,-67.46,0
696674,VERITAAS ADVERTISING LTD.,VERITAAS,21-05-2024,2024,126,0,114.0,261.25,129.17,6,6,408000,3.5,1.0,1.5,6.09,42.88,0.45,2.71,9.55,63.05,3.161453310781228,5.742980991012487,0,989.44,204814.0,204814.0,6.898149288836902,12.229862411652912,655.2582781456954,0,26.5,-76.75,0
696807,G P ECO SOLUTIONS INDIA LTD.,GPECO,24-06-2024,2024,131,0,94.0,393.75,318.88,14,5,1530000,3.5,1.0,1.5,6.08,64.76,1.0,2.71,9.55,63.05,3.161453310781228,5.742980991012487,0,793.2,682151.0,682151.0,6.677335318697152,13.433007785893194,525.2980132450332,0,396.65,321.97,1
697841,PELATRO LTD.,PELATRO,24-09-2024,2024,67,0,200.0,288.75,44.38,11,5,1094400,0.43,0.0,0.18,5.2,55.54,1.0,0.43,1.59,2.81,3.697674418604652,12.79874213836478,1,12.58,19151.0,19151.0,2.60859812213055,9.860162427797754,66.21052631578948,0,384.95,92.48,1
698567,QUEST LABORATORIES LTD.,QUESTLAB,23-05-2024,2024,104,1,97.0,147.35,51.91,26,6,1443600,3.5,1.0,1.5,6.16,23.93,0.45,2.71,9.55,63.05,3.161453310781228,5.742980991012487,0,57.63,71975.0,71975.0,4.071246510976124,11.184088009096955,38.16556291390729,0,74.25,-23.45,0
698661,MY MUDRA FINCORP LTD.,MYMUDRA,2024-12-09,2024,5,1,110.0,123.5,12.27,11,3,1262400,5.79,7.0,3.6,7.28,16.97,1.0,5.79,13.65,102.48,2.357512953367876,6.507692307692308,1,108.77,91147.0,91147.0,4.698387267699225,11.420239838011996,30.130193905817176,1,64.5,-41.36,0
698793,RULKA ELECTRICALS LTD.,RULKA,24-05-2024,2024,151,0,235.0,498.75,112.23,11,3,448800,3.5,1.0,1.5,14.35,34.76,0.45,2.71,9.55,63.05,3.161453310781228,5.742980991012487,0,658.32,410134.0,410134.0,6.491209000863155,12.924241652776264,435.9735099337749,0,108.1,-54.0,0
698794,HOAC FOODS INDIA LTD.,HOACFOODS,24-05-2024,2024,127,0,48.0,139.65,190.94,6,3,378000,3.5,1.0,1.5,2.65,52.62,0.45,2.71,9.55,63.05,3.161453310781228,5.742980991012487,0,2542.1,452493.0,452493.0,7.841139088282469,13.0225297823657,1683.5099337748345,0,842.45,1655.1,1
701193,FALCON TECHNOPROJECTS INDIA LTD.,FALCONTECH,26-06-2024,2024,1,1,92.0,88.2,-4.13,12,5,334800,2.5,1.0,1.0,2.17,40.73,1.0,2.71,9.55,63.05,3.161453310781228,5.742980991012487,0,82.72,48723.0,48723.0,4.427477897577799,10.79392700081985,81.9009900990099,0,13.05,-85.82,0
701482,MASON INFRATECH LTD.,MASON,2024-01-07,2024,126,0,64.0,92.4,44.38,1,5,1906000,3.5,1.0,1.5,6.63,13.94,0.45,2.71,9.55,63.05,3.161453310781228,5.742980991012487,0,36.59,28979.0,28979.0,3.626738057576087,10.274361215874674,24.2317880794702,0,110.65,72.89,1
702438,PRIZOR VIZTECH LTD.,PRIZOR,22-07-2024,2024,112,0,87.0,173.55,99.48,7,6,544000,3.5,1.0,1.5,5.16,33.61,1.0,2.71,9.55,63.05,3.161453310781228,5.742980991012487,0,264.2,158520.0,158520.0,5.580484258311707,11.973642355636732,174.96688741721854,0,1106.9,1172.3,1
702530,MACOBS TECHNOLOGIES LTD.,MACOBSTECH,24-07-2024,2024,104,0,75.0,100.8,34.4,5,5,1211200,3.5,1.0,1.5,2.26,44.68,1.0,2.71,9.55,63.05,3.161453310781228,5.742980991012487,0,176.87,95334.0,95334.0,5.181052946387386,11.465152283498544,117.13245033112582,0,195.5,160.67,1
702904,V L INFRAPROJECTS LTD.,VLINFRA,30-07-2024,2024,106,0,42.0,83.75,99.4,10,5,537000,3.5,1.0,1.5,3.91,21.4,1.0,2.71,9.55,63.05,3.161453310781228,5.742980991012487,0,844.22,411137.0,411137.0,6.739596948500271,12.9266842035448,559.0860927152318,0,25.9,-38.33,0
703022,MANGLAM INFRA & ENGG. LTD.,MIEL,31-07-2024,2024,47,1,56.0,111.7,99.46,1,5,1674000,3.5,1.0,1.5,3.76,29.69,0.45,2.71,9.55,63.05,3.161453310781228,5.742980991012487,0,371.72,286970.0,286970.0,5.920827467508541,12.567136444340171,246.1721854304636,0,12.3,-78.04,0
703024,SAHASRA ELECTRONIC SOLUTIONS LTD.,SAHASRA,2024-04-10,2024,60,0,283.0,564.55,99.49,1,4,3137200,2.5,1.0,1.0,6.74,83.74,1.0,2.71,9.55,63.05,3.161453310781228,5.742980991012487,0,74.85,409255.0,409255.0,4.328757705794541,12.92209615609109,74.1089108910891,0,336.1,18.76,1
703140,TROM INDUSTRIES LTD.,TROM,2024-01-08,2024,104,0,115.0,229.4,99.48,5,3,458400,3.5,1.0,1.5,6.19,37.07,1.0,2.71,9.55,63.05,3.161453310781228,5.742980991012487,0,483.14,365255.0,365255.0,6.18237412108847,12.808353756582743,319.96026490066225,0,53.5,-53.48,0
703193,BULKCORP INTERNATIONAL LTD.,BULKCORP,2024-06-08,2024,28,1,105.0,136.5,30.0,15,5,840000,3.5,1.0,1.5,4.66,29.31,1.0,2.71,9.55,63.05,3.161453310781228,5.742980991012487,0,362.17,198833.0,198833.0,5.894871044196701,12.200225584738249,239.8476821192053,0,81.7,-22.19,0
703429,DHARIWALCORP LTD.,DHARIWAL,2024-08-08,2024,87,0,106.0,142.5,34.43,4,3,872400,3.37,0.0,1.83,5.04,28.28,0.45,3.37,9.97,63.05,2.9584569732937687,0.0,1,183.89,122286.0,122286.0,5.219761053642261,11.714126020031983,99.94021739130432,0,24.35,14.86,1
703495,PICTUREPOST STUDIOS LTD.,PPSL,2024-09-08,2024,97,0,24.0,31.5,31.25,1,3,2964000,6.24,0.0,3.94,1.09,29.02,1.0,6.24,59.13,266.6,9.475961538461538,3.5087096228648744,1,308.09,133403.0,133403.0,5.733632496625086,11.801137397021614,77.99746835443038,0,3.0,-87.5,0
703914,SUNLITE RECYCLING INDS. LTD.,SUNLITE,20-08-2024,2024,91,0,105.0,209.45,99.48,2,6,806400,3.5,1.0,1.5,8.22,25.49,1.0,2.71,9.55,63.05,3.161453310781228,5.742980991012487,0,252.0,200844.0,200844.0,5.53338948872752,12.21028874527791,166.88741721854305,0,644.9,514.19,1
705159,FORCAS STUDIO LTD.,FORCAS,26-08-2024,2024,86,0,80.0,144.4,80.5,0,5,2241600,36.51,0.0,28.42,2.87,50.37,0.45,36.51,104.08,416.99,2.850725828540126,3.0064373558800925,1,415.82,404590.0,404590.0,6.032654473932845,12.910631959276582,14.626099190995426,0,213.95,167.44,1
705283,IDEAL TECHNOPLAST INDS. LTD.,IDEALTECHO,28-08-2024,2024,6,1,121.0,138.7,14.63,1,5,476000,2.5,1.0,1.0,5.04,27.52,1.0,2.71,9.55,63.05,3.161453310781228,5.742980991012487,0,115.2,72694.0,72694.0,4.755312844417811,11.194027885365529,114.05940594059406,0,,,0
705535,VDEAL SYSTEM LTD.,VDEAL,2024-03-09,2024,82,0,112.0,178.5,59.38,15,5,1124400,2.5,1.0,1.0,6.36,28.07,1.0,2.71,9.55,63.05,3.161453310781228,5.742980991012487,0,76.64,48973.0,48973.0,4.35208275830081,10.79904482402337,75.88118811881188,0,115.0,2.68,1
705626,BOSS PACKAGING SOLUTIONS LTD.,BOSS,2024-06-09,2024,7,1,66.0,86.6,31.21,12,3,942000,2.5,1.0,1.0,2.32,37.38,1.0,2.71,9.55,63.05,3.161453310781228,5.742980991012487,0,165.29,49919.0,49919.0,5.113733252099823,10.81817700304331,163.65346534653463,0,59.8,-9.39,0
705699,EXCELLENT WIRES & PACKAGING LTD.,EXCELLENT,19-09-2024,2024,1,1,90.0,82.05,-8.83,12,6,417600,2.5,1.0,1.0,1.83,44.73,1.0,2.71,9.55,63.05,3.161453310781228,5.742980991012487,0,32.0,13278.0,13278.0,3.49650756146648,9.493939118990328,31.683168316831683,0,195.0,116.67,1
705926,VISION INFRA EQUIPMENT SOLUTIONS LTD.,VIESL,13-09-2024,2024,18,1,163.0,215.25,32.06,0,3,2675200,2.08,4.38,1.01,1.34,160.25,1.0,2.08,3.1,68.14,1.4903846153846154,20.98064516129032,1,24.14,65269.0,65269.0,3.224460203162101,11.086287791629264,23.666666666666668,1,393.0,141.1,1
706016,SHUBHSHREE BIOFUELS ENERGY LTD.,SHUBHSHREE,16-09-2024,2024,73,0,119.0,198.45,66.76,11,5,625200,2.99,0.0,1.39,6.26,31.72,0.45,2.99,12.47,132.89,4.170568561872909,9.656776263031274,1,135.65,52361.0,52361.0,4.917422912374077,10.865936416391367,96.89285714285715,0,350.0,194.12,1
706063,INNOMET ADVANCED MATERIALS LTD.,INNOMET,18-09-2024,2024,71,0,100.0,199.5,99.5,5,5,1369200,2.5,1.0,1.0,1.95,102.44,0.45,2.71,9.55,63.05,3.161453310781228,5.742980991012487,0,226.97,307543.0,307543.0,5.429214041349804,12.636373445423288,224.72277227722773,0,281.05,181.05,1
706185,ENVIROTECH SYSTEMS LTD.,ENVIRO,24-09-2024,2024,67,0,56.0,111.7,99.46,17,5,976000,2.71,0.0,2.33,6.08,18.36,1.0,2.71,6.36,14.32,2.3468634686346865,13.413522012578616,1,64.16,52807.0,52807.0,4.176845783733844,10.874417973368606,27.418803418803417,0,66.0,17.86,1
706582,RAPPID VALVES (INDIA) LTD.,RAPPID,30-09-2024,2024,63,0,222.0,309.35,39.35,22,5,622800,2.71,0.0,2.11,11.48,26.95,0.45,2.71,10.84,176.06,4.0,15.24169741697417,1,109.09,82798.0,82798.0,4.701298213082312,11.324171263005734,51.45754716981133,0,365.9,64.82,1
706661,THINKING HATS ENTERTAINMENT SOLUTIONS LTD.,THESL,2024-03-10,2024,13,1,44.0,57.0,29.55,11,6,1002000,3.5,1.0,1.5,1.15,49.77,0.45,2.71,9.55,63.05,3.161453310781228,5.742980991012487,0,347.64,237436.0,237436.0,5.85403987119631,12.377657604110444,230.2251655629139,0,12.65,-71.25,0
706662,FORGE AUTO INTERNATIONAL LTD.,FORGEAUTO,2024-04-10,2024,2,1,108.0,109.35,1.25,1,4,1065600,4.61,6.55,2.35,6.65,16.45,0.45,4.61,11.27,49.28,2.44468546637744,3.372670807453417,1,61.95,49440.0,49440.0,4.142340760490356,10.808535318464235,26.250000000000004,1,99.95,-7.45,0
706941,PARAMOUNT DYE TEC LTD.,PARAMOUNT,25-09-2024,2024,57,0,59.0,87.15,47.71,1,5,2488000,3.5,1.0,1.5,2.78,31.3,0.45,2.71,9.55,63.05,3.161453310781228,5.742980991012487,0,36.26,24440.0,24440.0,3.6179203651734415,10.10401732897875,24.013245033112582,0,40.3,-65.56,0
707438,LAKSHYA POWERTECH LTD.,LAKSHYA,23-10-2024,2024,47,0,180.0,359.1,99.5,12,5,830400,61.71,1.37,64.61,16.94,21.2,0.45,61.71,168.09,573.36,2.723869713174526,2.41102980546136,1,590.26,661089.0,661089.0,6.382255852982353,13.40164526690262,9.134323738780562,1,93.25,-48.19,0
707524,FRESHARA AGRO EXPORTS LTD.,FRESHARA,24-10-2024,2024,22,1,116.0,134.7,16.12,1,3,2959200,12.31,3.51,11.23,5.0,26.94,1.0,12.31,37.6,236.8,3.0544272948822098,5.297872340425532,1,180.8,310259.0,310259.0,5.202907181743378,12.645165934618324,16.08540925266904,1,450.95,288.75,1
707717,O B S C PERFECTION LTD.,OBSCP,29-10-2024,2024,43,0,100.0,115.5,15.5,7,5,2338800,0.77,1.43,0.16,5.54,20.84,0.45,0.77,2.53,16.56,3.2857142857142856,5.545454545454546,1,16.19,29617.0,29617.0,2.844327819394758,10.29613756359745,95.23529411764706,1,930.25,830.25,1
708806,LAMOSAIC INDIA LTD.,LAMOSAIC,29-11-2024,2024,1,1,200.0,172.2,-13.9,12,3,1527000,3.5,1.0,1.5,8.86,19.43,1.0,2.71,9.55,63.05,3.161453310781228,5.742980991012487,0,2.66,6704.0,6704.0,1.297463147413275,8.81060879571578,1.76158940397351,0,50.2,-74.9,0
708816,C 2 C ADVANCED SYSTEMS LTD.,C2C,2024-03-12,2024,20,0,226.0,450.85,99.49,6,7,636600,3.5,1.0,1.5,5.0,90.17,0.45,2.71,9.55,63.05,3.161453310781228,5.742980991012487,0,132.73,359723.0,359723.0,4.895822841884705,12.79309234972644,87.90066225165562,0,204.2,-9.65,0
708900,RAJPUTANA BIODIESEL LTD.,RAJPUTANA,2024-03-12,2024,20,0,130.0,259.35,99.5,8,5,412000,3.5,1.0,1.5,6.63,39.14,0.45,2.71,9.55,63.05,3.161453310781228,5.742980991012487,0,746.57,512724.0,512724.0,6.616827946365326,13.147494918041934,494.4172185430464,0,199.35,53.35,1
709502,PURPLE UNITED SALES LTD.,PURPLEUTED,18-12-2024,2024,9,0,126.0,208.95,65.83,10,5,1296000,3.5,1.0,1.5,5.0,41.79,0.45,2.71,9.55,63.05,3.161453310781228,5.742980991012487,0,155.29,142578.0,142578.0,5.051713255854102,11.867651511040629,102.841059602649,0,450.0,257.14,1
713248,IDENTICAL BRAINS STUDIOS LTD.,IDENTICAL,26-12-2024,2024,4,0,54.0,99.75,84.72,5,6,2084000,3.5,1.0,1.5,5.0,19.95,0.45,2.71,9.55,63.05,3.161453310781228,5.742980991012487,0,544.28,355416.0,355416.0,6.301299424200896,12.78104702698583,360.4503311258278,0,18.0,-66.67,0
78685,A B COTSPIN INDIA LTD.,ABCOTS,2022-11-01,2022,93,1,35.0,40.4,15.43,25,7,756000,3.5,1.0,1.5,5.63,7.18,1.0,2.71,9.55,63.05,3.161453310781228,5.742980991012487,0,17.47,,103013.5,2.9161477942111484,11.542625034002691,11.56953642384106,0,209.85,502.71,1
80259,GEEKAY WIRES LTD.,GEEKAYWIRE,24-08-2017,2017,1,1,39.0,33.25,-14.74,12,935,324000,2.5,1.0,1.0,0.78,42.62,1.0,2.71,9.55,63.05,3.161453310781228,5.742980991012487,0,0.74,,103013.5,0.5538851132264376,11.542625034002691,0.7326732673267327,0,33.25,907.58,1
8280,AHIMSA INDUSTRIES LTD.,AHIMSA,15-10-2015,2015,3,1,25.0,26.0,4.0,19,14,6000,3.5,1.0,1.5,5.0,5.2,1.0,2.71,9.55,63.05,3.161453310781228,5.742980991012487,0,0.9,,103013.5,0.6418538861723948,11.542625034002691,0.5960264900662252,0,25.75,3.0,1
83447,GOLDSTAR POWER LTD.,GOLDSTAR,2017-10-10,2017,153,1,25.0,26.3,5.2,18,11,330000,2.5,1.0,1.0,0.01,2827.96,1.0,2.71,9.55,63.05,3.161453310781228,5.742980991012487,0,0.69,,103013.5,0.5247285289349821,11.542625034002691,0.6831683168316831,0,9.15,266.0,1
8628,AIRAN LTD.,,24-03-2017,2017,472,1,43.080000000000005,53.85,25.0,12,7,2376000,2.5,1.0,1.0,0.98,54.74,1.0,2.71,9.55,63.05,3.161453310781228,5.742980991012487,0,1.83,,103013.5,1.0402767116551463,11.542625034002691,1.811881188118812,0,8.21,228.4,1
92893,HI-TECH PIPES LTD.,HITECH,25-02-2016,2016,1,1,380.0,58.75,-84.54,12,808,318000,3.5,1.0,1.5,5.0,11.75,1.0,2.71,9.55,63.05,3.161453310781228,5.742980991012487,0,3.53,,103013.5,1.5107219394949425,11.542625034002691,2.3377483443708607,0,76.14,1422.8,1
9505,AKASH INFRA-PROJECTS LTD.,AKASH,15-03-2017,2017,207,1,58.0,128.15,120.95,18,949,927000,3.5,1.0,1.5,3.45,37.12,1.0,2.71,9.55,63.05,3.161453310781228,5.742980991012487,0,1.88,,103013.5,1.0577902941478543,11.542625034002691,1.2450331125827814,0,24.29,-80.57,0
96501,CYBER MEDIA RESEARCH & SERVICES LTD.,CMRSL,2022-10-10,2022,71,1,180.0,257.5,43.06,26,11,354400,3.5,1.0,1.5,4.85,53.1,1.0,2.71,9.55,63.05,3.161453310781228,5.742980991012487,0,27.84,,103013.5,3.3617633124167483,11.542625034002691,18.43708609271523,0,67.5,-62.5,0
